age,income,debt_ratio,credit_history_months,num_accounts,late_payments,employment_years,loan_amount,default
25,40156.16,0.2402,27,3,1,3,25385.12,1
58,73487.16,0.2647,145,3,1,21,21749.6,0
53,55692.24,0.3037,238,5,2,21,33641.04,0
42,49344.09,0.759,116,10,1,18,50109.62,1
42,52876.36,0.4697,296,9,2,27,31506.54,0
63,59462.44,0.1995,305,3,0,0,31817.98,0
25,67336.28,0.3884,194,7,0,9,25770.97,1
55,35005.76,0.0861,140,10,3,5,20081.63,1
30,34168.25,0.2583,20,11,1,17,22567.98,1
25,77093.58,0.1681,296,9,2,19,27031.39,0
46,46753.26,0.2908,322,2,2,26,50771.5,0
68,26663.16,0.3197,162,3,0,11,21404.29,1
57,63876.25,0.3561,188,3,2,7,25789.18,0
58,64267.4,0.3731,272,2,2,27,12019.34,0
56,24385.69,0.0731,252,2,2,20,35749.47,1
59,59589.63,0.1099,53,4,2,22,45500.19,0
46,69711.66,0.234,243,7,2,13,49367.47,1
27,62487.73,0.3094,333,5,4,13,28050.47,0
62,67639.63,0.2391,271,5,2,11,33615.31,1
43,26914.62,0.2824,176,3,2,22,22696.75,1
45,61620.8,0.2394,191,2,1,6,32920.28,1
39,48947.6,0.2835,97,11,1,29,29709.48,0
29,45344.2,0.2586,239,7,1,5,25873.97,0
66,72411.11,0.063,91,3,0,13,27066.31,0
59,84585.49,0.5432,127,9,1,9,31778.83,0
52,90887.4,0.1923,99,10,2,19,20587.71,0
40,81296.16,0.1936,124,11,4,20,21362.55,0
61,52805.32,0.5379,135,2,1,27,50610.43,1
47,62054.4,0.1473,35,8,1,23,65658.2,1
42,70336.46,0.143,260,11,1,7,6934.5,0
43,57423.56,0.3586,162,9,2,6,6107.93,1
32,57615.28,0.192,342,3,1,26,10642.71,0
25,71475.06,0.2869,70,10,3,14,23450.67,0
48,53814.35,0.2676,242,5,1,2,38436.71,0
64,40414.26,0.4454,69,6,3,24,33868.79,1
24,46710.54,0.1345,199,7,1,19,27580.47,1
63,67678.21,0.4094,179,9,2,0,32934.03,1
61,55059.87,0.3205,164,2,2,23,14618.71,0
34,61804.2,0.1943,237,6,2,18,21338.16,0
51,68401.58,0.0621,299,9,2,18,24698.58,0
29,47503.17,0.1366,118,7,4,25,1236.75,1
58,70124.96,0.0772,306,4,1,14,7580.35,0
55,62576.85,0.4015,71,1,0,13,8176.51,1
38,30303.74,0.3338,109,7,2,18,36461.62,0
24,83846.1,0.6182,115,8,1,5,28680.32,1
68,44985.11,0.2887,343,7,1,4,34165.92,0
42,21898.09,0.1393,47,11,4,25,1000.0,1
64,34099.13,0.3252,145,7,1,6,2746.5,0
54,34579.1,0.3097,156,6,0,15,34948.23,1
59,56043.47,0.3654,289,1,2,8,1000.0,0
58,49522.99,0.2758,178,7,2,6,43369.44,0
30,48263.36,0.4323,348,2,2,17,1000.0,0
38,67394.04,0.2114,268,8,0,24,37650.17,0
43,61797.51,0.3266,255,2,1,13,11671.23,0
45,61320.96,0.2168,272,10,2,4,40733.56,0
23,63196.57,0.2593,63,4,0,7,73122.41,0
47,67322.69,0.2213,164,5,3,4,1000.0,0
28,20000.0,0.3191,213,2,3,26,35430.66,1
57,47711.23,0.3466,79,3,0,9,1000.0,0
54,20000.0,0.3663,48,11,4,11,31401.53,1
66,55721.2,0.1951,54,4,0,2,21898.42,0
57,54907.34,0.2856,285,6,0,13,26946.73,0
38,75910.65,0.2328,238,11,1,27,11324.71,0
68,78752.69,0.159,105,7,1,12,36708.12,0
41,59055.5,0.1874,266,1,3,19,3274.63,0
36,44992.78,0.3446,252,4,1,5,43624.56,1
65,64703.22,0.5234,295,5,2,4,18861.25,0
39,44441.65,0.1602,328,4,0,21,3959.64,0
24,54972.15,0.2416,318,3,5,1,48924.05,1
44,74722.73,0.5001,70,6,2,13,23989.86,1
59,43844.57,0.1433,278,5,0,9,53614.54,1
30,71113.57,0.1981,145,4,2,0,43320.34,0
43,68548.03,0.3342,148,5,1,15,13027.81,0
27,35904.16,0.3288,235,4,2,28,23725.15,1
54,74477.88,0.6584,219,3,2,2,26815.57,1
44,68971.33,0.2706,154,5,1,24,47894.55,0
37,57038.52,0.2927,359,11,0,16,31562.77,0
32,39753.53,0.2911,67,6,2,21,27644.39,0
48,37815.88,0.3122,40,7,1,2,22001.81,1
53,44246.75,0.0891,16,11,2,26,24241.64,0
67,65851.89,0.3171,294,7,2,0,44568.88,1
42,35887.5,0.2755,149,3,1,27,25055.58,0
28,63750.24,0.5211,160,5,2,19,19075.04,0
61,30164.89,0.2029,235,6,0,10,16532.39,0
51,50918.63,0.2213,160,6,2,0,16693.52,1
55,57192.96,0.3989,209,2,2,18,3968.56,0
25,103902.6,0.4217,26,2,3,2,13744.37,0
36,27453.69,0.5213,61,4,1,18,47476.3,0
58,84440.29,0.7018,335,11,3,23,21901.01,0
61,57996.85,0.3829,165,8,1,8,35566.18,1
42,63223.44,0.1562,65,10,1,7,1000.0,0
60,57366.96,0.2917,136,2,2,6,33524.67,0
62,63894.54,0.1191,124,5,3,6,22579.71,0
39,51926.3,0.1166,103,7,0,3,17778.4,0
65,84081.0,0.5259,109,5,1,7,27714.4,1
35,45870.58,0.1849,264,5,1,19,17562.62,0
32,77644.69,0.3261,43,4,2,9,1000.0,1
54,42112.66,0.3039,115,1,2,23,38833.72,0
52,53794.96,0.365,171,10,2,24,28645.26,0
27,33560.75,0.2515,197,11,3,22,20290.86,0
61,64100.47,0.2598,317,1,0,16,10507.22,0
30,83902.52,0.5093,332,5,0,9,2952.14,0
60,53452.88,0.5345,111,6,3,27,28358.39,0
21,51062.29,0.3113,196,9,3,6,49201.61,1
60,32707.66,0.1971,13,11,1,13,28047.5,1
59,50414.15,0.3321,224,5,0,13,4258.58,0
59,23144.11,0.1383,60,9,2,22,28376.75,1
53,36742.44,0.3428,31,11,2,16,24199.86,1
44,59535.72,0.5478,243,10,2,23,37960.65,1
55,81380.26,0.2453,69,4,2,27,34101.0,0
34,111184.22,0.6464,174,9,2,11,1000.0,0
59,43268.3,0.309,41,5,3,26,33178.63,0
48,83706.0,0.3986,269,1,2,5,9947.81,0
43,59875.05,0.4302,276,9,1,27,3674.07,0
45,51975.05,0.283,209,10,2,5,22172.9,1
48,63651.89,0.1319,301,4,2,25,31164.57,1
22,56238.33,0.2515,160,5,1,11,1000.0,0
27,57207.91,0.3359,72,5,1,28,35568.65,0
33,46833.34,0.5341,59,2,3,3,36450.08,0
26,27037.81,0.2279,83,11,2,13,25704.64,1
42,24127.5,0.3297,76,1,4,27,11985.65,1
53,68064.9,0.4855,120,7,4,1,10309.33,1
53,49466.0,0.2755,81,1,1,7,40388.98,0
44,43078.22,0.5924,215,8,0,2,2331.66,1
62,55170.11,0.2295,58,10,4,9,40967.06,0
48,70898.65,0.1184,226,8,2,11,22522.01,0
24,58607.28,0.3081,124,7,2,18,23562.48,0
58,41878.9,0.1844,249,10,1,7,1000.0,1
49,79525.86,0.1648,187,11,2,4,22799.25,1
52,86583.71,0.3112,326,10,0,5,34203.78,0
48,64891.13,0.2682,161,3,4,28,4953.85,0
48,74473.27,0.5913,110,7,2,28,32479.54,1
25,79839.2,0.149,214,10,2,6,26335.18,0
48,77601.99,0.165,239,4,2,5,15343.67,0
59,67281.98,0.4616,161,8,2,1,37820.1,1
35,66966.94,0.1326,204,1,2,28,1000.0,0
50,65393.21,0.3474,172,10,0,21,30200.21,1
22,33053.25,0.1402,114,7,1,22,49291.53,1
38,69014.46,0.4481,117,9,0,8,46599.15,0
42,27883.72,0.2307,327,10,5,19,30847.1,0
69,39108.01,0.2254,245,3,3,1,20474.79,0
31,81071.3,0.2375,39,5,1,20,15462.96,0
34,71804.4,0.2762,346,10,1,17,20456.11,0
41,84747.97,0.1239,258,2,2,9,33157.11,0
69,49566.51,0.2003,23,10,0,21,12891.34,0
62,31955.02,0.1057,263,4,1,19,36361.36,0
22,50191.26,0.1458,214,7,2,13,56997.41,1
32,57040.63,0.2382,330,6,1,5,24071.75,0
61,56579.77,0.2419,179,8,0,0,4834.08,0
23,77673.61,0.5575,189,10,5,28,4828.83,0
62,47774.59,0.1324,117,4,2,8,36648.48,0
34,62040.69,0.5681,119,2,3,9,24103.81,0
65,35227.46,0.3069,224,5,1,20,38152.46,1
35,64006.35,0.4669,299,7,2,7,16995.49,0
42,55062.17,0.2828,321,9,0,11,37459.35,0
53,40003.73,0.5112,278,9,1,21,22625.51,1
27,50283.41,0.4315,221,4,2,17,14012.44,1
48,51316.49,0.2363,183,11,1,19,18985.02,0
45,49596.9,0.1178,126,1,3,0,7044.18,0
59,90426.82,0.0905,277,2,2,13,54840.39,0
69,53031.08,0.3071,118,1,2,14,23554.27,0
53,50122.08,0.216,100,11,1,18,34667.71,0
41,20000.0,0.3744,313,2,2,4,16946.96,0
40,37115.85,0.5959,214,7,1,4,9221.08,0
41,49738.53,0.3801,131,9,4,22,21491.79,1
60,41282.95,0.1497,312,9,1,20,41517.89,1
36,82634.15,0.1889,346,11,0,24,17189.02,0
29,51701.24,0.2935,118,1,2,8,11942.02,0
37,80768.88,0.4864,190,5,0,29,27331.96,0
22,56234.09,0.2938,177,6,1,8,32485.34,0
26,55744.56,0.4575,254,8,1,19,49642.72,1
25,53224.07,0.139,342,7,0,4,30306.26,1
58,55075.93,0.2046,200,7,2,27,34659.89,0
56,89375.9,0.5038,288,4,2,9,35789.13,0
55,20000.0,0.2236,216,2,3,24,7704.77,0
43,20000.0,0.3256,320,5,3,9,10550.02,0
56,44136.58,0.4961,149,3,2,23,8741.56,1
28,55290.56,0.1937,142,7,2,13,5017.81,0
65,68802.09,0.2372,155,9,1,1,36931.9,0
45,64461.74,0.16,358,7,1,5,29350.75,0
66,47315.08,0.2909,222,7,4,20,26192.44,1
28,75380.87,0.2092,60,1,4,5,1000.0,0
45,75603.91,0.4297,20,8,0,8,55832.15,1
55,58681.16,0.327,189,5,1,16,11585.92,0
45,74253.15,0.2912,291,2,0,7,55777.19,1
42,60452.91,0.2475,175,3,1,3,3261.38,0
29,43770.34,0.1246,204,9,1,18,12813.98,1
39,68956.34,0.421,288,11,2,20,1000.0,0
32,57212.26,0.3234,188,6,1,21,30431.87,0
35,55026.8,0.2382,327,11,2,28,8481.15,0
54,84459.07,0.3397,231,2,2,3,8905.0,0
51,20000.0,0.1784,264,4,3,12,4412.29,0
50,26646.32,0.3343,282,11,1,7,36660.33,1
38,31258.59,0.4895,227,2,0,27,35671.95,1
68,47734.79,0.296,23,8,2,16,52180.51,0
25,49907.84,0.2421,157,3,1,2,14714.4,1
37,24853.49,0.2559,56,4,1,20,28282.29,1
26,35296.84,0.518,186,6,0,1,5659.97,0
37,37783.17,0.1918,56,4,0,8,19974.41,1
68,104148.48,0.2484,186,10,2,21,17217.32,0
38,91034.84,0.2927,127,11,0,15,31966.75,1
65,46765.01,0.0996,13,6,3,22,40255.33,1
45,47728.33,0.2553,50,6,3,17,39866.0,1
55,32015.92,0.4939,184,1,2,25,12357.82,0
43,20000.0,0.1028,33,3,2,16,39977.02,1
34,52662.4,0.1867,309,1,3,1,24338.72,1
58,35042.96,0.2032,274,10,1,2,20131.05,0
68,53302.99,0.169,257,3,1,23,14372.33,0
33,22995.88,0.1639,66,4,1,1,16600.96,1
59,39760.51,0.2133,287,10,0,11,51134.71,0
33,57972.54,0.5087,230,8,2,0,29611.16,1
56,62324.19,0.1495,144,7,1,9,27619.18,0
59,63349.44,0.153,6,1,2,17,21066.3,0
43,28590.22,0.1973,193,7,2,5,61689.68,1
57,72093.71,0.6052,287,7,2,13,44575.16,1
34,38995.77,0.3521,17,4,1,29,14184.07,0
24,67657.16,0.3292,24,9,0,2,20895.77,0
25,54787.23,0.4935,141,11,2,1,21786.33,1
42,27472.25,0.2104,187,3,1,8,27188.08,0
65,48676.05,0.2518,173,4,2,24,14481.61,0
27,62307.27,0.089,156,4,2,12,31582.25,1
43,67259.31,0.2963,96,10,2,19,46781.32,0
55,52180.24,0.2674,27,1,2,1,5295.58,0
30,85635.58,0.4343,17,10,0,22,8077.8,0
56,75150.22,0.156,40,9,4,2,17752.62,1
35,49866.92,0.5836,250,6,0,21,18448.07,1
60,70002.44,0.6173,284,7,3,4,54976.99,1
49,93675.87,0.2193,160,10,0,25,40025.64,0
47,94209.69,0.1084,33,9,1,8,39164.84,1
29,30440.0,0.2482,153,4,0,5,21034.51,0
43,36469.34,0.4609,354,1,2,10,20705.3,1
62,84698.38,0.5337,94,8,0,0,3224.42,1
21,33834.38,0.4843,179,2,0,4,36726.1,1
58,28549.18,0.5219,196,1,2,17,32365.82,0
45,45276.12,0.1468,122,11,1,9,44289.96,1
56,63404.53,0.1228,161,6,0,10,21837.55,0
53,52952.07,0.1697,172,8,1,24,22873.31,0
42,41988.73,0.4358,173,3,0,3,27550.68,1
36,41515.75,0.4612,260,2,1,11,38378.46,0
51,40753.26,0.4302,211,1,1,5,2946.77,0
27,37409.81,0.292,24,4,0,14,36040.84,1
49,100632.66,0.1092,8,1,0,9,24692.57,0
25,60950.22,0.1961,151,5,2,1,9120.44,0
52,72735.18,0.4149,327,4,2,2,1000.0,0
51,45218.45,0.1738,19,6,0,25,22952.89,0
25,51280.87,0.2292,31,7,0,1,46715.69,1
58,40728.92,0.3985,246,4,0,23,50120.27,0
41,20000.0,0.3505,165,6,1,27,30330.64,1
59,27439.81,0.3471,87,1,3,13,54430.08,1
23,20000.0,0.3486,79,4,3,9,24355.88,1
29,20000.0,0.338,241,11,0,23,39299.55,1
45,31092.82,0.4151,191,11,1,29,18231.54,0
30,81499.11,0.1845,231,6,1,3,17281.02,0
37,54111.28,0.275,105,11,2,28,14837.36,0
53,80811.28,0.172,192,6,1,28,1000.0,0
28,63219.65,0.0951,310,2,2,4,44306.38,0
54,70651.18,0.2816,118,10,1,1,15375.51,0
26,36982.06,0.8405,146,5,2,21,12978.42,1
29,65479.02,0.2971,63,7,4,2,7300.42,1
49,69574.28,0.2105,232,8,3,18,21934.61,0
59,43467.05,0.1907,17,4,1,1,51452.38,0
29,66190.81,0.5689,94,9,0,20,56406.68,1
35,66323.76,0.2432,258,6,1,6,1000.0,0
66,44008.95,0.4583,12,5,1,2,19683.28,1
69,32544.63,0.2429,356,4,1,1,9484.63,0
49,31317.43,0.1196,149,9,1,5,39825.07,1
42,56730.11,0.4229,147,3,3,16,29298.9,1
37,61540.2,0.1672,195,2,0,2,15451.46,0
51,39149.48,0.1327,232,10,4,24,26088.6,0
49,55531.71,0.3077,168,4,3,18,17838.72,1
35,66410.74,0.3041,319,8,1,8,49213.69,1
22,67363.81,0.303,346,8,2,29,33204.39,0
28,86037.6,0.3408,76,10,1,19,35047.35,1
67,80539.62,0.2372,256,7,1,20,1000.0,0
41,34974.17,0.3682,112,8,3,5,23998.17,1
44,88671.72,0.1935,358,10,3,21,56248.16,0
43,44380.47,0.4073,95,11,1,16,44891.94,1
59,75897.46,0.5089,110,1,1,29,1000.0,0
24,56359.73,0.2862,258,9,1,14,20298.61,0
25,46757.01,0.4377,285,2,0,20,6977.21,0
34,20000.0,0.272,51,10,2,10,50666.52,1
44,51568.71,0.3555,202,1,8,1,28664.17,1
53,23812.34,0.3955,128,3,4,3,13483.07,1
45,74345.98,0.1333,222,3,2,26,25512.37,0
42,85335.85,0.4841,203,7,4,22,1000.0,0
66,39061.78,0.3862,354,1,1,10,8725.58,0
28,61039.41,0.1384,336,1,1,20,25546.66,0
49,40492.17,0.1621,237,6,1,0,37685.13,1
47,42430.31,0.2563,246,11,0,1,1000.0,0
44,70489.89,0.2333,324,6,2,15,19282.67,0
60,54229.23,0.4359,70,5,1,18,40145.29,1
34,89792.96,0.2896,262,8,0,28,3228.2,0
67,45355.35,0.2737,279,7,0,22,28437.74,0
37,74986.73,0.1563,51,5,4,7,25989.62,0
47,56948.27,0.1403,317,7,3,24,50715.7,0
46,70915.56,0.1655,253,1,0,14,21547.96,0
62,46056.85,0.1976,128,3,2,24,22425.99,0
42,54008.82,0.1889,177,8,2,5,37824.4,1
34,52690.02,0.3001,179,4,0,0,5104.77,0
22,38278.86,0.2919,331,1,0,1,21686.75,1
38,68241.63,0.5423,349,2,2,29,18164.12,0
61,68004.98,0.0722,291,10,0,2,22916.32,0
21,66871.09,0.0789,236,4,1,28,37726.1,0
64,85739.31,0.1829,42,1,1,21,33312.42,0
47,83986.9,0.1835,329,9,3,4,13769.77,0
27,47501.11,0.5761,53,6,1,25,27050.49,1
35,62461.05,0.3319,65,5,2,4,47356.62,1
48,42527.99,0.2262,30,10,0,4,12529.51,0
36,55467.11,0.2903,341,4,3,17,27177.5,0
26,43005.01,0.4357,180,7,0,8,22102.59,1
53,87401.41,0.2626,89,9,1,8,24054.92,1
53,62273.96,0.4299,34,7,0,5,1000.0,0
26,50639.42,0.2513,151,3,2,18,46161.44,1
34,78872.37,0.3346,262,8,3,0,13384.72,1
32,20000.0,0.3741,358,9,1,7,40391.08,1
53,20000.0,0.3311,201,2,1,16,15679.35,1
56,70916.77,0.0896,220,2,1,14,15617.43,0
56,56209.37,0.3192,301,8,0,20,43196.85,0
66,60008.93,0.1685,325,2,4,6,39908.27,0
58,28472.08,0.1779,105,10,2,19,28129.99,0
36,54535.33,0.2188,357,2,1,22,36417.26,0
26,95070.19,0.2482,189,11,2,11,20671.71,0
51,71483.99,0.3841,335,8,1,7,24874.49,0
65,58394.13,0.13,47,5,1,16,15075.63,0
68,46218.92,0.4919,40,3,3,17,38560.97,1
32,47108.54,0.2997,319,4,0,2,14598.8,1
32,20000.0,0.3772,244,9,1,16,47277.35,1
22,60152.81,0.1181,67,9,3,4,20262.49,1
27,71909.66,0.1302,322,3,1,17,25307.63,0
48,23487.61,0.2797,42,6,1,27,36380.92,0
47,41771.66,0.7671,247,11,3,16,25357.97,1
39,31850.71,0.4783,78,3,0,22,20531.38,0
36,35692.98,0.6362,30,8,2,9,24549.65,1
61,56069.63,0.3192,291,2,0,27,38407.28,0
43,20000.0,0.0925,305,10,0,24,15057.22,0
60,67285.41,0.1861,43,2,3,27,23106.44,0
68,70077.1,0.189,38,4,2,22,25154.3,0
36,49977.95,0.2452,223,6,1,19,37968.78,0
30,20000.0,0.3854,16,5,2,15,23502.32,1
67,35071.63,0.2052,270,2,2,27,52124.49,0
52,79658.04,0.2331,330,8,0,25,22651.92,0
35,20000.0,0.4909,271,1,1,12,21434.75,1
51,48049.53,0.458,87,11,2,2,22434.52,1
46,31399.98,0.3547,73,1,1,0,5250.38,1
65,71091.41,0.428,246,4,1,7,9449.1,0
33,41497.72,0.3206,27,11,3,1,17040.0,1
69,63079.08,0.5555,196,2,1,6,42037.45,0
66,66309.21,0.226,164,1,1,3,24503.11,0
29,91724.52,0.3588,269,9,0,29,17730.34,0
29,50941.16,0.3341,77,1,3,2,43398.02,1
47,62520.89,0.308,275,10,3,18,48267.66,0
23,25298.89,0.3025,253,5,1,10,43830.74,1
35,78808.27,0.4747,90,10,1,5,12203.65,0
42,39789.82,0.2233,132,3,2,21,17571.27,0
68,43784.92,0.2209,29,2,0,29,52206.04,0
69,54555.04,0.4545,165,11,1,23,28617.1,0
28,23742.31,0.3623,98,9,5,29,20985.59,1
64,59575.4,0.4237,46,11,1,17,35775.22,1
25,74349.33,0.1639,204,4,0,20,40109.49,0
57,60858.68,0.1385,206,5,0,4,16428.26,0
62,23222.05,0.3809,36,7,1,25,28291.6,0
64,52523.81,0.179,71,5,2,22,38898.4,1
31,69840.58,0.2917,35,3,3,7,7595.69,0
64,20000.0,0.4752,246,5,3,10,25185.18,1
26,33504.68,0.2968,125,7,2,18,8284.16,1
46,72530.87,0.1992,31,1,4,0,10246.29,0
44,60401.91,0.2951,73,4,2,24,16553.5,0
36,63239.43,0.5322,351,4,0,8,32156.79,0
22,92189.9,0.3123,96,1,2,2,20169.66,0
58,64371.06,0.0764,248,2,2,9,15273.73,1
37,68157.76,0.2411,171,6,2,25,25773.32,0
53,109214.91,0.2906,70,2,0,8,7795.56,0
41,50723.91,0.4322,114,4,0,16,31432.05,0
39,39042.34,0.3428,10,7,0,24,41970.8,1
64,63555.93,0.3662,270,10,1,1,23811.94,0
25,63779.82,0.3342,124,2,1,22,21960.27,0
57,44465.69,0.1564,182,5,1,8,30601.61,0
57,34352.06,0.1552,60,2,2,20,1000.0,0
39,101196.89,0.2661,297,5,5,5,33052.26,0
33,61536.87,0.1042,83,6,1,4,71528.29,1
21,40354.29,0.3225,206,9,5,23,23159.86,1
66,73318.61,0.2033,314,5,1,24,23213.12,0
67,52817.1,0.1248,258,11,2,29,36154.11,0
32,49942.37,0.4083,219,2,0,20,49679.99,0
22,66245.46,0.1479,320,1,1,13,39624.52,1
27,29162.35,0.3808,68,1,2,5,1000.0,1
24,62052.54,0.554,347,4,2,8,33450.98,1
61,93259.1,0.1755,203,3,1,19,63578.95,0
64,64323.55,0.2044,151,2,1,10,34336.62,0
28,47475.76,0.164,96,3,0,14,7680.97,1
57,44857.89,0.4343,269,11,0,5,29227.44,1
29,46793.2,0.314,351,9,0,13,5789.69,1
38,49920.75,0.199,250,1,1,7,43492.06,0
50,47443.87,0.4612,17,11,2,3,10661.76,0
56,73326.23,0.2508,172,3,1,3,26113.65,0
63,20335.82,0.1636,265,5,0,15,12133.3,0
23,72240.0,0.2574,146,4,0,10,16803.28,1
30,47406.27,0.2308,279,5,2,2,47292.26,1
34,62538.96,0.1103,256,9,2,15,26551.86,0
36,32460.24,0.098,29,8,2,4,16611.96,1
69,81572.62,0.1111,203,7,2,0,7821.58,0
59,79912.7,0.1248,66,7,2,3,1000.0,0
36,74191.81,0.3339,178,9,2,13,6230.79,0
68,24704.9,0.1889,142,3,1,28,26679.39,0
45,71582.42,0.182,291,5,1,7,39703.51,0
45,63097.1,0.152,313,2,3,8,16594.73,0
42,22894.58,0.3164,169,8,5,7,48558.15,1
28,54514.05,0.3547,196,5,1,10,14237.49,0
66,62290.69,0.3879,227,8,1,21,21429.82,0
21,66121.51,0.4375,237,7,2,9,8806.35,0
29,58545.23,0.5038,230,4,0,19,39861.43,0
32,60824.63,0.1405,283,2,2,26,56462.66,0
34,84472.23,0.5298,353,11,1,28,1000.0,0
27,79520.68,0.1777,299,4,2,16,19807.57,0
21,20000.0,0.3398,53,2,1,21,43971.7,1
54,48651.23,0.2717,174,4,1,27,3295.82,0
68,51706.98,0.0863,169,10,1,23,33500.26,0
26,20000.0,0.5518,186,3,0,8,43322.08,1
35,56883.66,0.5497,193,11,1,3,26173.43,1
45,79975.16,0.2508,260,6,3,3,33253.95,1
66,33268.64,0.6413,155,10,1,26,51413.54,1
55,61728.02,0.2842,99,8,1,16,54226.4,0
58,36683.53,0.3774,167,1,2,8,24070.49,0
49,41561.76,0.3455,308,6,2,10,17014.33,0
41,84547.87,0.4451,116,5,1,8,11200.3,0
30,44148.84,0.4454,13,3,0,24,39654.46,1
63,64244.25,0.5069,351,7,1,18,4423.37,0
60,20000.0,0.2334,75,2,1,26,21211.39,0
22,92246.35,0.2454,219,8,0,9,26540.35,1
56,67053.05,0.7412,289,10,3,14,17454.96,1
25,51350.0,0.5283,103,2,1,3,29197.3,1
57,66510.93,0.721,126,6,1,29,63467.7,0
61,26803.61,0.0885,105,8,4,15,23176.02,0
27,78650.61,0.2693,59,1,3,16,18468.92,0
42,48520.3,0.2295,60,5,1,12,40229.98,0
27,50918.61,0.5342,72,3,1,8,28593.75,0
48,45166.89,0.3615,168,1,0,28,46590.04,0
66,43386.97,0.3404,193,9,1,14,27470.31,0
24,68893.41,0.2996,11,5,1,20,21273.65,0
40,60118.14,0.3064,305,9,0,1,1000.0,1
68,68034.96,0.166,245,7,2,8,1000.0,0
35,54824.11,0.1926,31,10,0,24,1000.0,0
27,65264.0,0.3156,304,11,2,2,30690.09,0
44,46623.03,0.3813,16,7,1,3,4566.26,1
45,99594.64,0.2298,204,4,2,24,43833.66,0
53,23641.39,0.6322,170,5,0,9,25453.7,1
36,80218.75,0.3076,183,10,0,8,21337.2,0
67,82358.15,0.0982,344,5,4,16,12342.17,0
46,37956.82,0.4701,334,6,2,5,34333.88,1
35,99585.47,0.4334,104,3,1,1,12932.53,0
68,74909.81,0.3998,211,11,4,0,10219.33,0
66,74422.78,0.2945,345,8,0,2,42825.25,1
45,55560.44,0.2943,264,4,3,4,30319.32,1
22,50655.48,0.2342,320,7,1,20,21476.06,1
50,50811.82,0.5318,159,5,3,8,34621.49,1
48,62810.61,0.2093,106,2,1,2,25133.98,1
28,83023.73,0.3405,186,10,1,0,30745.2,0
52,58626.28,0.3566,295,10,2,14,12747.28,0
62,36771.13,0.2929,334,10,2,25,56055.98,1
26,71488.54,0.3485,248,5,2,10,16305.7,0
56,73423.01,0.5371,256,3,1,1,48340.24,0
27,68093.19,0.1683,187,1,2,6,22166.97,0
57,69909.98,0.2033,119,9,2,14,37106.46,0
41,49581.44,0.2577,155,4,2,5,36013.35,0
21,36420.22,0.1006,182,10,5,29,42202.78,1
68,37636.13,0.3198,294,10,4,22,12390.64,0
29,22290.74,0.3004,202,2,1,10,41134.53,1
50,59738.97,0.4469,286,11,4,28,52696.6,1
29,53331.02,0.4884,15,2,0,9,21119.61,1
66,46200.25,0.2149,273,6,1,4,25520.59,1
57,20000.0,0.2338,185,6,2,28,17148.3,0
60,30053.65,0.292,359,11,0,28,19803.46,0
42,77416.81,0.4898,172,8,3,9,50671.34,0
43,41707.48,0.1676,175,10,0,17,9936.48,0
52,62211.83,0.3181,51,7,1,5,10868.22,0
59,27186.29,0.1152,291,10,2,19,49163.51,0
62,83774.11,0.1017,254,10,2,20,34368.23,1
21,52119.45,0.124,311,10,1,21,56805.55,0
53,60800.81,0.3237,38,5,3,17,18243.42,1
26,101515.6,0.1792,80,5,1,21,26894.22,0
35,85328.8,0.1611,316,11,1,16,15089.85,0
61,48868.69,0.1836,20,9,1,24,27149.52,0
33,43135.6,0.345,185,11,3,5,1000.0,1
60,48489.1,0.4525,149,7,0,14,35274.32,0
43,65197.96,0.3452,338,11,1,12,29852.11,0
32,52895.52,0.1704,309,8,0,16,24136.68,0
37,47095.12,0.0997,323,9,2,4,19144.54,1
47,84343.63,0.062,108,2,1,9,11578.69,0
58,52715.8,0.3867,213,7,0,28,35915.69,0
50,100991.78,0.1614,253,9,2,3,7433.65,0
66,56814.85,0.448,348,9,2,19,32678.44,0
63,90706.37,0.5954,8,11,2,19,56116.77,1
57,62146.39,0.5274,351,4,1,14,47282.82,1
50,74259.21,0.225,131,4,0,1,2423.08,0
35,40507.78,0.4742,51,11,0,1,16948.93,1
41,37924.82,0.2406,223,11,1,8,31321.76,1
26,64194.12,0.1348,282,2,2,3,23945.77,1
39,74771.06,0.4927,51,5,2,2,4008.91,0
66,55805.13,0.4784,20,11,2,4,30779.74,1
41,29272.13,0.1902,323,3,2,5,24849.75,1
26,27794.83,0.3058,336,9,3,25,53714.88,0
52,26457.27,0.2201,61,2,1,19,21201.57,1
68,20000.0,0.4846,326,2,3,0,42520.05,1
63,57189.71,0.2166,328,9,5,18,5993.67,0
34,77500.88,0.5039,359,7,3,4,9579.86,1
43,54731.68,0.4532,82,7,1,12,35824.93,0
47,20000.0,0.3348,210,10,1,1,41255.96,1
33,51184.79,0.4045,357,4,1,2,10639.11,1
34,51744.02,0.1092,325,6,2,3,25361.16,0
32,96919.98,0.2269,220,7,3,13,4276.31,0
69,25857.24,0.3855,75,9,0,13,22281.7,0
57,47186.45,0.4757,35,4,3,10,37553.84,1
62,89117.05,0.5197,97,7,4,18,18475.62,0
61,63999.57,0.0975,29,5,3,21,21264.48,0
67,66266.26,0.2467,75,6,2,21,8053.07,0
26,57291.69,0.1426,32,10,1,17,15274.62,0
64,61598.87,0.1069,275,5,2,16,51371.66,0
24,70552.19,0.3104,214,8,1,14,26093.87,0
44,38810.27,0.1648,189,11,3,7,9965.38,1
50,72561.17,0.3189,292,9,3,14,20278.42,0
38,27539.94,0.2305,151,11,0,0,1038.59,0
28,61567.36,0.362,148,7,1,28,9787.6,0
30,58574.82,0.4193,79,4,2,11,45405.1,1
61,42674.14,0.2595,163,11,3,22,22862.76,1
36,54546.29,0.1715,67,8,0,28,53360.95,0
36,42549.2,0.3917,214,3,2,14,23569.78,0
66,33565.97,0.1125,359,4,1,25,24460.32,0
28,47927.71,0.157,194,3,2,14,34613.41,1
65,32920.23,0.2239,111,10,3,3,1000.0,0
66,61455.95,0.1089,249,2,1,0,28074.09,0
50,31998.29,0.0988,296,9,2,4,24265.2,1
29,69239.54,0.3612,173,7,2,28,47290.58,0
28,31370.42,0.4363,94,1,3,14,39470.19,1
34,43674.1,0.3179,258,7,0,9,7994.62,0
49,42507.93,0.114,72,9,0,13,43632.08,0
28,81502.93,0.1825,359,8,3,7,21065.28,0
43,61605.8,0.3873,118,6,1,26,11433.2,0
26,50765.32,0.3429,130,4,2,29,27956.55,0
47,64974.39,0.4779,263,2,2,2,21958.46,1
22,20000.0,0.494,10,1,1,21,48076.98,0
55,54137.33,0.6123,77,4,0,10,30109.33,0
23,94950.28,0.2052,50,7,0,1,28084.88,0
30,57646.93,0.2996,144,1,2,27,38509.71,0
29,56358.26,0.1773,201,11,2,1,41393.07,1
61,65962.57,0.2027,69,7,3,6,36754.08,0
23,72912.1,0.2859,127,4,1,0,46291.95,0
42,20000.0,0.2263,279,11,4,14,34130.24,1
49,21353.47,0.1766,338,3,3,17,27514.77,1
46,59205.83,0.3569,11,11,0,9,43587.58,0
54,40702.47,0.1689,228,4,0,2,23636.56,1
60,81240.51,0.3938,15,5,0,3,25498.7,0
40,48696.51,0.3908,190,5,1,28,50823.65,1
61,20000.0,0.3094,317,11,3,24,49328.86,0
36,29639.72,0.2521,288,3,2,28,24877.36,1
69,20000.0,0.1319,88,11,0,15,18196.73,0
45,50317.49,0.2777,97,4,1,16,46947.6,0
57,51232.32,0.3553,283,4,2,23,37006.28,0
63,46510.75,0.173,296,8,1,18,29733.72,0
59,76577.58,0.3769,105,8,3,13,20171.91,1
62,78970.4,0.5039,7,4,0,8,29975.45,1
47,51592.23,0.4347,163,2,2,14,24674.37,0
23,20000.0,0.6985,225,5,1,1,15034.93,1
45,67345.63,0.2601,163,6,2,5,26935.63,0
29,66107.2,0.3248,336,1,1,22,28981.36,0
64,61187.83,0.263,294,1,3,26,19369.07,0
32,74629.59,0.1473,284,11,3,3,38557.39,0
32,31703.44,0.2274,13,1,1,2,44332.49,1
33,95175.11,0.0846,308,5,3,2,39548.47,1
52,35811.44,0.4517,273,9,1,23,20856.27,1
48,69984.46,0.2175,146,4,3,9,36337.32,1
67,21253.05,0.3248,214,6,1,9,26169.42,1
41,36394.71,0.1705,297,1,1,0,6463.81,0
34,85327.37,0.3191,326,9,0,29,35090.94,0
23,49782.0,0.2924,200,7,0,13,27191.97,1
21,71798.45,0.3555,20,10,2,23,63903.22,0
39,59739.11,0.161,224,10,2,21,46859.06,1
66,52900.84,0.1258,246,4,0,4,35667.25,0
46,82277.01,0.4123,26,1,3,24,28737.56,0
64,50266.82,0.1476,295,4,1,16,27455.83,0
25,20000.0,0.3267,77,2,1,18,9944.66,0
25,38935.2,0.4515,321,6,2,6,1000.0,1
61,66023.83,0.4895,201,2,0,25,11911.61,0
26,62910.18,0.321,120,11,1,27,24284.24,0
23,23658.83,0.196,26,7,1,12,1000.0,0
40,40513.15,0.4801,12,3,0,2,16835.17,1
66,43365.57,0.2354,268,11,1,25,21285.8,0
54,47690.61,0.0612,139,9,1,26,21768.6,0
25,27481.73,0.3512,303,5,3,15,15074.15,0
62,42432.58,0.3594,87,2,1,17,19877.29,1
62,40427.79,0.5165,331,4,1,6,50858.41,1
60,70430.67,0.1582,339,7,3,2,34932.18,0
65,71182.43,0.2862,42,9,0,28,16595.49,0
32,52083.79,0.5783,235,3,2,14,23974.78,1
68,47159.2,0.1247,338,9,1,8,24575.3,0
36,57798.49,0.2305,120,4,2,20,13480.67,1
60,38668.5,0.3745,29,3,4,0,13463.05,1
49,32063.36,0.4615,315,5,3,2,40157.86,1
59,36195.58,0.302,173,2,0,7,18703.23,1
51,42303.74,0.3197,15,5,1,13,8579.55,0
52,31730.52,0.3017,303,4,0,11,24352.89,1
51,58241.19,0.5704,246,4,2,5,26770.15,1
59,69594.31,0.3174,30,9,5,10,1000.0,0
57,23258.03,0.468,97,4,3,10,24388.8,0
27,55502.57,0.2989,12,8,2,15,38019.7,0
61,50601.28,0.3447,344,8,1,16,31768.44,0
47,61830.17,0.1342,14,8,3,26,58446.93,1
36,54741.22,0.3116,287,3,1,24,43766.64,1
46,25928.01,0.4898,186,10,1,8,46734.01,1
68,29752.21,0.1968,212,3,2,27,67001.29,0
63,55588.47,0.5721,293,4,1,15,36372.34,0
61,75575.62,0.3537,322,10,3,5,27446.05,1
43,20000.0,0.2273,51,4,3,10,39606.1,0
59,61914.53,0.3675,12,8,0,22,16611.45,0
39,78792.44,0.326,50,1,2,24,26615.29,0
54,51939.48,0.1185,247,7,1,11,15284.09,0
52,66004.05,0.1316,207,10,1,4,30969.77,0
33,40938.62,0.1982,35,8,5,5,15221.36,1
34,52612.68,0.1109,88,7,3,3,14696.07,0
23,22581.73,0.2702,196,10,0,20,31202.1,1
27,20000.0,0.2544,264,4,2,15,22934.33,1
42,73855.32,0.2023,127,5,2,13,1000.0,0
44,35300.1,0.2954,342,1,2,20,3166.65,1
29,45889.44,0.4703,357,8,0,24,7791.0,0
41,27271.15,0.3865,277,8,2,23,11755.42,0
50,26800.61,0.3536,166,9,0,4,31216.35,1
32,51523.25,0.6103,316,9,1,17,28284.08,1
37,40408.46,0.4714,263,2,1,26,40979.19,0
39,62559.42,0.4374,189,8,1,23,36292.03,1
45,64050.77,0.2817,163,9,1,9,41078.54,0
38,61416.99,0.655,300,3,0,11,34125.94,1
57,59772.02,0.2697,203,6,0,26,28145.19,0
37,86555.36,0.295,70,11,0,0,41490.28,0
42,33648.12,0.0766,359,5,0,15,38791.19,0
39,53901.3,0.3531,30,9,2,3,30641.43,1
29,77653.8,0.1735,252,6,0,26,44066.08,0
54,80290.8,0.5586,238,8,5,1,1000.0,0
32,26564.73,0.283,213,7,2,0,20643.05,1
35,48752.89,0.1409,24,8,1,9,20413.14,1
59,82162.42,0.2424,180,9,0,6,42290.24,0
67,65161.58,0.5818,321,10,1,14,48570.92,1
53,58905.26,0.3998,90,4,3,8,3247.31,1
65,50646.31,0.7544,250,11,2,10,46167.51,1
62,47323.98,0.7478,309,7,1,16,7428.32,0
44,60764.38,0.2312,343,7,2,16,7881.77,0
58,49952.52,0.3847,188,4,1,28,21485.71,0
37,54148.43,0.1265,117,5,0,14,20226.9,0
43,56571.97,0.0692,253,8,1,16,1623.74,0
47,41438.57,0.3383,178,5,0,20,34748.17,0
68,65642.59,0.2265,227,4,2,5,35191.04,0
62,113284.89,0.1458,268,10,1,20,40810.62,0
44,20000.0,0.1914,257,5,5,25,18498.17,0
52,61480.25,0.1966,91,8,0,9,24406.26,0
30,39796.2,0.3073,273,1,3,5,24543.59,1
60,66548.05,0.3364,197,1,2,10,50319.93,1
48,55931.15,0.2964,335,10,1,8,1000.0,1
47,70237.1,0.4295,239,2,1,17,10645.83,0
58,78510.13,0.4773,321,9,0,25,25083.11,0
52,58848.42,0.2567,352,10,1,17,8716.45,0
24,77641.05,0.1779,358,6,2,3,21125.19,0
35,20000.0,0.1712,269,10,2,9,23108.87,1
29,86809.05,0.1434,217,5,2,20,15134.71,0
57,62501.24,0.1182,47,11,2,9,25967.03,0
22,76556.87,0.1491,142,3,0,17,34422.24,0
30,30602.49,0.13,174,5,3,20,21456.0,0
50,38384.6,0.4542,282,5,2,9,18202.08,1
55,57918.77,0.2743,214,9,2,19,22513.53,0
45,54659.24,0.2876,161,1,1,11,24888.45,0
63,60661.37,0.1657,57,10,1,4,1000.0,0
66,76690.3,0.1368,259,1,0,11,31923.31,0
27,20000.0,0.0954,158,4,0,13,18234.98,0
67,74476.38,0.2222,18,7,0,0,43923.03,0
51,55165.64,0.3268,106,2,0,26,33865.8,0
52,50924.36,0.437,317,6,1,15,42551.0,1
25,25577.7,0.1508,48,11,1,1,9834.94,1
51,65060.97,0.2271,149,10,1,26,19429.2,0
56,20000.0,0.2407,187,1,3,25,6363.12,0
49,67967.88,0.3923,35,7,2,0,14422.13,1
25,25157.88,0.4108,64,7,2,4,43781.58,1
46,56069.16,0.6323,338,1,2,10,47312.36,1
66,52616.62,0.2404,215,8,1,15,7778.0,0
56,78390.76,0.1337,80,6,0,21,18125.83,0
27,51426.9,0.2827,66,8,0,12,23857.06,1
68,41117.23,0.339,156,4,4,18,33784.08,1
67,44867.95,0.6286,262,3,1,0,1000.0,0
29,80457.66,0.2187,264,9,0,19,1000.0,0
60,65725.94,0.6405,75,8,2,27,32344.39,0
40,47287.4,0.2203,262,2,2,15,1000.0,0
50,50271.07,0.3365,323,3,3,13,18298.04,0
42,23656.46,0.4113,86,7,0,8,27431.38,1
59,62769.48,0.2352,15,10,4,28,31234.99,0
69,20000.0,0.0856,345,3,0,0,22874.23,1
59,70035.93,0.1386,190,3,1,8,19513.65,0
66,57572.43,0.0909,280,9,2,4,37668.56,0
67,102739.04,0.1281,119,8,1,25,29278.09,0
25,32997.29,0.1141,111,10,1,14,15294.75,1
33,52946.76,0.3496,85,9,1,27,25565.84,0
56,90965.75,0.4645,82,11,0,19,30747.54,0
49,78827.79,0.1234,172,3,0,16,50773.56,0
23,41075.76,0.4041,43,3,2,15,36794.86,1
25,59479.35,0.1596,304,3,1,6,43218.35,0
46,55039.99,0.1434,186,1,1,16,15840.89,0
51,60639.12,0.3886,330,9,1,20,17137.26,0
29,41026.39,0.5576,183,8,1,28,21469.3,0
29,53213.59,0.159,113,1,1,16,22846.41,0
27,23038.95,0.2804,188,3,1,28,9879.63,0
48,57702.47,0.1138,60,3,2,28,43989.0,0
21,64000.41,0.3899,297,5,0,15,38250.27,0
49,50451.61,0.155,260,6,3,13,20414.83,0
44,22698.98,0.319,58,4,1,4,34625.66,1
43,74770.64,0.3449,212,11,0,8,28343.49,0
54,62290.5,0.12,196,3,2,26,35797.42,0
46,40479.7,0.3277,77,7,3,4,4835.39,1
56,49387.99,0.4995,49,5,3,11,22815.08,0
58,24986.61,0.1569,275,5,4,20,24129.42,0
66,34491.8,0.2327,99,10,2,7,34354.63,0
60,44243.77,0.0971,189,11,0,29,15573.44,0
46,79568.42,0.2254,93,1,2,19,1000.0,0
45,42209.93,0.336,237,6,3,0,8774.5,0
32,67804.27,0.231,23,2,1,7,24084.28,0
50,44233.68,0.3312,133,5,2,22,25958.26,0
27,59958.95,0.3276,199,7,1,25,50256.22,1
66,52172.09,0.2278,161,5,2,27,33741.2,0
62,72461.13,0.3539,222,4,1,25,26222.95,0
26,44303.77,0.2783,69,4,2,2,24514.13,1
59,23549.43,0.3411,162,4,0,21,41562.75,0
26,27361.02,0.1957,273,4,2,3,16148.34,1
56,44362.45,0.395,124,5,2,2,22895.74,0
25,30018.8,0.4735,61,8,2,20,8661.13,1
44,63204.24,0.201,306,2,2,14,46283.59,0
53,45684.64,0.0913,281,1,1,19,30887.48,0
56,102492.13,0.1935,246,6,2,25,14387.15,0
41,20245.71,0.2348,288,8,2,2,23283.17,0
66,59072.66,0.3159,281,3,0,15,32644.76,0
58,32440.94,0.1994,270,3,1,25,21239.22,0
31,45131.97,0.524,186,7,2,13,16982.94,1
53,57828.39,0.5243,12,5,4,15,15185.89,1
56,20000.0,0.3696,217,9,1,14,30084.43,0
37,59736.52,0.4474,102,2,1,27,19629.19,0
57,93058.15,0.3726,279,2,1,1,18193.63,0
65,45931.23,0.2158,171,7,0,26,4959.07,0
61,60196.16,0.1991,326,5,1,24,26164.61,0
58,75498.43,0.2875,216,9,0,24,22281.65,0
52,51720.93,0.1788,200,6,2,12,20175.27,0
34,43380.8,0.3265,331,4,2,15,27981.56,0
59,20000.0,0.2928,174,2,2,11,36220.03,1
38,67819.81,0.1755,138,2,0,7,35523.48,1
47,52736.63,0.1293,137,9,2,26,33290.93,0
36,34746.32,0.2779,315,3,0,15,21389.95,1
36,57531.93,0.183,273,6,1,21,16495.02,0
28,43326.39,0.1589,63,9,6,3,9341.27,1
68,44431.48,0.3137,180,10,1,23,16102.65,0
28,67125.82,0.219,137,3,1,19,25294.75,0
25,28232.35,0.3795,234,2,0,29,13205.71,1
66,75946.31,0.1267,24,9,1,4,26440.86,0
48,27046.28,0.3036,258,8,1,16,10518.15,0
42,41745.97,0.1895,268,4,1,15,1000.0,0
57,93458.92,0.1501,86,7,2,16,37291.09,0
39,77547.1,0.1926,59,3,0,1,17883.78,1
27,56952.08,0.1642,228,8,1,14,12444.5,1
56,36189.4,0.1929,96,9,2,8,8592.29,0
29,44414.55,0.5833,339,4,2,18,31345.54,1
48,56465.51,0.1382,280,6,0,6,45623.62,0
67,55750.46,0.2883,344,4,0,13,18953.89,1
66,53182.58,0.4035,195,1,1,18,21766.55,0
38,54383.35,0.3739,338,2,2,1,41074.48,0
59,50712.5,0.113,10,11,1,23,1000.0,0
51,26160.43,0.2608,108,6,1,21,54503.03,0
44,44669.79,0.1182,6,2,1,1,61661.5,0
27,73292.48,0.7019,245,1,0,1,1000.0,1
39,27633.31,0.4034,186,4,1,25,23537.45,0
52,51208.89,0.2222,107,11,4,8,14215.79,0
69,38604.92,0.282,113,5,0,25,21028.42,0
21,57227.01,0.1096,233,11,5,14,18724.22,1
56,47227.34,0.5116,69,6,0,10,37176.39,1
62,84547.87,0.2171,188,9,2,8,23311.45,0
67,65131.66,0.2364,223,9,1,19,11336.39,0
41,28763.94,0.1337,90,1,3,3,22417.22,1
26,68424.56,0.577,86,1,0,12,32721.76,1
34,39506.96,0.3892,131,11,0,10,7244.18,1
62,43460.07,0.4055,215,11,3,4,1000.0,1
64,61276.38,0.2271,96,2,0,10,54891.14,0
52,45165.05,0.2614,140,8,4,15,15363.6,1
27,72857.12,0.3752,198,11,1,20,22939.71,0
26,39509.8,0.4264,72,11,2,2,19033.07,1
44,42621.07,0.1956,207,4,1,26,33221.32,1
49,41872.58,0.3883,54,9,0,26,51591.85,0
22,43687.23,0.3307,56,8,2,20,33699.01,0
54,76983.83,0.3094,89,11,1,27,2224.52,0
47,67575.93,0.6013,107,2,2,12,4238.15,1
21,89198.88,0.1268,16,7,3,24,19015.53,0
25,100352.88,0.1638,346,1,0,21,20976.5,0
43,34385.66,0.3073,115,4,5,16,1000.0,0
56,56408.38,0.2545,290,1,2,5,37290.11,0
61,31475.99,0.5445,325,5,0,16,8705.19,0
42,39447.88,0.4452,289,9,3,27,47399.52,1
35,42398.35,0.2718,300,8,1,29,52309.49,0
68,33856.9,0.319,41,4,2,13,21276.2,0
43,33962.25,0.2513,137,5,3,7,31584.59,0
36,52114.31,0.166,270,5,3,22,6520.79,0
42,30665.63,0.2228,209,9,1,2,34355.14,0
21,71842.54,0.3252,8,3,2,4,17527.11,0
35,36644.93,0.2437,206,2,2,16,8691.47,0
46,111191.38,0.2839,290,6,1,29,20659.98,0
66,45972.31,0.5466,299,10,0,9,18013.78,1
57,56440.35,0.0865,141,6,1,13,20122.61,0
59,29093.18,0.0638,89,3,0,9,39245.2,1
47,89121.84,0.3652,115,1,0,13,13220.39,1
26,77390.01,0.4347,110,11,1,0,51025.34,1
40,60938.32,0.1518,128,9,1,17,5124.11,0
69,28063.95,0.2413,112,2,2,17,49231.45,0
23,59213.34,0.27,167,1,3,9,9752.34,1
64,32571.38,0.2281,20,2,2,7,24984.8,0
54,84247.11,0.1604,103,5,0,22,17647.06,0
34,71183.89,0.2391,117,9,0,5,19844.07,1
59,56908.78,0.2154,60,2,2,1,37020.36,1
62,20000.0,0.5496,316,10,2,1,47497.4,1
23,35331.68,0.3196,245,1,0,26,42857.87,1
26,68755.22,0.3005,328,9,2,10,18927.16,1
53,79257.67,0.2826,204,4,1,3,27763.83,0
69,77183.4,0.1454,44,11,1,26,13268.83,0
22,23159.74,0.2647,326,6,1,4,10126.75,1
53,61031.05,0.1787,168,3,2,10,7805.49,0
27,75310.3,0.3911,248,3,0,0,18436.4,1
52,21833.29,0.3207,140,10,1,20,28744.08,1
51,54841.91,0.1392,180,5,1,20,1000.0,0
25,60476.85,0.4641,179,4,4,22,24304.69,1
54,48984.71,0.1828,106,9,1,7,47740.38,0
64,20000.0,0.2301,202,6,1,9,41828.67,1
63,48486.04,0.4495,265,8,0,28,16222.24,0
22,48453.89,0.5187,13,5,1,24,4046.91,1
33,52038.55,0.402,52,1,1,1,31897.45,0
32,43730.57,0.5367,304,1,3,20,1000.0,0
43,46139.76,0.5141,207,1,0,24,41652.31,0
28,54205.87,0.4139,350,7,0,16,21796.19,0
62,63849.09,0.3551,220,6,0,19,52469.5,0
59,48911.46,0.3647,237,9,1,0,1000.0,0
60,46807.02,0.7424,324,10,1,0,38772.19,1
30,56847.08,0.3024,239,2,1,1,23492.37,0
21,20000.0,0.1475,122,11,1,4,20034.24,0
65,64540.7,0.1456,192,11,0,29,4452.35,0
35,54988.74,0.3603,89,7,1,19,33936.22,0
53,55793.87,0.4147,124,6,4,23,35142.06,0
65,74214.69,0.0868,246,2,1,8,51776.92,0
22,20000.0,0.3468,58,2,2,28,40120.75,1
21,20000.0,0.2774,243,1,0,5,16091.57,0
21,60476.08,0.4802,212,8,1,27,9942.06,0
28,54857.66,0.4541,115,5,0,0,4472.63,0
23,58403.54,0.2424,21,3,1,0,47098.37,1
61,45757.46,0.1632,255,2,3,2,13327.39,0
50,68287.07,0.2538,297,1,0,23,47203.45,0
69,73652.78,0.2889,264,8,0,7,32876.08,1
60,64679.65,0.3646,155,8,4,13,29948.54,0
68,49783.43,0.262,237,7,3,14,20396.98,1
32,20000.0,0.1168,152,2,0,23,34910.09,0
35,70384.72,0.3528,132,1,1,10,24767.94,1
62,79434.57,0.3508,121,2,2,0,19461.8,0
32,67891.17,0.4752,80,9,1,11,35440.07,1
23,37407.15,0.2806,349,9,1,8,22840.42,0
53,68475.89,0.4428,241,4,1,21,13024.98,0
60,72210.59,0.3622,67,1,1,22,33997.4,0
68,86176.32,0.1758,312,4,1,2,24040.22,0
66,37477.8,0.123,59,9,2,23,32333.65,1
26,50470.91,0.2129,216,2,1,2,18192.1,1
58,69945.44,0.1297,64,9,4,18,6863.18,0
62,56148.2,0.2833,133,6,1,11,51026.11,0
55,32653.45,0.3193,239,2,2,9,48199.17,1
61,63292.33,0.2359,359,11,3,14,38256.77,0
62,66573.23,0.6374,357,6,1,9,19182.84,1
42,56759.26,0.1336,323,8,1,23,20495.23,0
22,59391.7,0.2969,89,2,2,29,45734.91,0
43,49825.88,0.3615,39,5,3,24,19692.55,0
30,84565.58,0.1356,326,7,0,13,15511.66,0
26,36986.16,0.5183,332,8,0,15,53083.52,1
27,43253.58,0.6715,104,1,2,13,24284.83,1
55,55219.71,0.4095,12,7,5,23,51526.38,0
45,72579.08,0.111,235,11,0,16,4024.12,0
47,25052.54,0.3794,32,9,3,14,32772.77,0
57,28794.07,0.2764,20,3,2,12,56066.24,1
47,20000.0,0.3091,337,11,1,11,25446.26,0
51,55653.9,0.6871,181,8,2,16,21039.93,1
25,32633.88,0.2534,45,1,2,20,7483.72,1
62,47309.0,0.441,237,2,2,12,41235.15,1
42,68227.56,0.1131,136,11,3,24,13448.08,0
28,42169.15,0.3851,195,3,1,24,23577.87,0
60,59625.64,0.1057,324,2,0,12,6482.47,0
56,49013.24,0.2397,90,5,3,27,48353.42,0
23,68442.29,0.4439,234,6,2,5,42323.28,1
30,64502.56,0.4439,299,7,3,27,24526.23,0
21,41161.33,0.19,156,8,1,8,7687.77,0
34,51626.96,0.3179,349,11,0,16,48038.61,0
25,75874.87,0.3715,164,9,0,8,19511.02,1
55,62867.54,0.4497,168,1,1,13,8421.93,0
46,27060.76,0.3065,319,1,2,10,1000.0,1
69,68112.36,0.4453,231,1,2,21,15310.52,0
57,33307.79,0.5121,313,5,0,2,3180.43,1
50,83250.26,0.2667,285,4,3,25,15657.69,0
45,75481.98,0.2519,258,11,3,27,36166.13,0
23,60797.71,0.2138,91,5,3,16,19369.0,1
24,58144.66,0.2482,147,1,1,16,30335.4,1
51,50819.35,0.31,312,10,1,20,14149.98,0
21,68570.48,0.2175,224,3,2,5,25977.54,0
23,47584.44,0.4774,105,11,2,22,53813.51,1
31,59711.4,0.5195,121,9,4,6,19772.71,1
64,72438.69,0.3583,280,10,0,20,30766.44,0
43,43763.87,0.3994,69,10,1,9,1517.09,0
55,42676.15,0.0848,45,2,0,22,47801.59,0
41,31112.69,0.3176,276,7,2,23,17841.9,0
29,33710.55,0.1981,108,5,2,6,40758.0,1
39,20000.0,0.2207,276,7,0,18,23152.3,1
25,69596.58,0.4152,194,9,1,14,34173.69,0
58,91178.29,0.4125,359,6,2,8,35065.19,0
29,83506.58,0.2936,191,4,1,17,18213.39,0
39,22478.31,0.4096,313,11,2,29,41378.6,1
69,69497.09,0.1653,307,8,2,0,13615.23,0
50,83442.13,0.5274,81,10,2,28,36669.01,0
43,45863.8,0.4851,358,3,0,25,19146.92,0
47,57028.95,0.2391,270,10,3,15,30243.37,0
59,20000.0,0.2256,43,4,2,18,18070.1,1
33,60334.72,0.3782,8,6,4,11,25749.64,1
52,33728.81,0.2813,102,10,2,3,8879.59,0
63,58992.7,0.1546,11,4,0,17,28713.35,0
49,23775.94,0.3318,132,3,3,24,25662.82,1
42,65857.16,0.1562,358,11,1,6,16897.7,0
28,75490.25,0.2954,175,11,0,21,24174.58,0
33,39336.4,0.1146,14,4,1,22,27010.07,1
67,32261.55,0.4334,180,4,2,22,15754.64,0
47,20000.0,0.2856,83,3,0,10,23068.62,1
35,49671.73,0.3443,309,1,1,11,9916.72,0
41,43368.12,0.525,38,7,0,12,60186.0,1
49,23979.61,0.4876,278,3,1,25,40886.78,0
47,64060.38,0.42,163,10,2,27,29096.41,0
55,46000.59,0.0919,12,2,2,12,42581.69,0
33,33485.28,0.394,244,7,0,29,1000.0,0
52,43908.55,0.5639,167,6,1,17,1000.0,0
42,76426.09,0.1755,279,7,1,11,19010.63,0
67,67058.74,0.1732,224,2,2,0,4321.54,0
28,52399.48,0.2979,284,6,2,18,21450.92,0
28,67382.1,0.2245,168,7,3,19,28084.85,1
43,31781.76,0.4977,8,4,0,29,38806.22,0
45,55647.4,0.1544,52,10,1,21,7926.04,0
54,57946.45,0.1803,168,6,0,0,30994.46,1
40,45603.27,0.0935,146,4,1,17,25215.85,0
65,63709.17,0.245,287,1,2,22,30212.64,0
44,39391.33,0.1597,151,2,2,14,17203.42,0
27,65196.41,0.2155,310,6,0,12,45747.03,1
26,66037.18,0.2916,72,5,3,24,23447.37,0
68,20000.0,0.6142,142,10,0,18,51612.73,1
27,78806.11,0.3427,273,9,1,20,13144.17,0
67,20000.0,0.2926,49,2,2,13,36142.41,1
34,42679.02,0.3093,119,7,1,8,24104.97,1
25,75506.96,0.5019,272,5,1,15,20083.86,0
35,48654.27,0.4489,214,2,3,28,34484.73,0
51,25676.28,0.5331,281,8,1,18,20512.4,0
41,33125.26,0.2109,188,6,0,21,1000.0,0
59,75538.11,0.2374,310,1,2,3,1000.0,0
50,20000.0,0.1814,316,6,2,29,44086.33,0
40,77579.82,0.244,350,9,1,7,43453.88,1
52,53897.96,0.2258,49,4,0,29,53310.11,0
68,31152.09,0.4051,215,4,2,13,24737.08,1
41,43337.7,0.1155,46,2,2,27,5610.48,0
28,34655.51,0.3026,87,3,3,26,18706.24,1
41,72324.5,0.2891,112,11,2,22,25171.37,0
62,69648.56,0.4082,234,7,0,27,9894.43,0
31,20616.78,0.2183,158,2,0,18,49728.62,0
67,46928.16,0.4552,312,6,3,25,58592.54,1
49,37736.29,0.2563,111,3,0,5,32174.21,1
50,80870.2,0.2316,224,5,0,2,24837.04,0
36,27998.02,0.2185,276,2,3,16,5575.5,0
66,87084.58,0.1479,353,7,2,24,48196.51,0
22,54334.11,0.1293,92,7,0,22,26144.6,1
35,31761.31,0.4503,265,7,5,15,20662.53,1
41,41454.52,0.1604,36,5,2,15,32217.61,1
44,38967.62,0.1158,198,4,2,18,16214.33,0
44,29507.63,0.3247,152,3,2,26,27203.13,1
28,56896.54,0.3746,345,3,2,25,3363.0,0
32,30441.69,0.1752,279,5,2,3,41306.31,1
25,20000.0,0.2879,334,5,3,17,23433.83,1
49,47406.47,0.2904,307,8,0,11,42382.01,0
38,20000.0,0.5372,151,1,1,23,21982.96,1
48,39956.78,0.4002,265,4,2,15,22957.0,0
49,36817.94,0.5672,16,10,3,29,6815.24,0
55,37575.68,0.208,203,11,1,12,36396.35,0
47,95019.26,0.4724,22,11,3,20,11862.4,0
52,56128.23,0.2946,262,4,3,3,17703.66,1
49,59907.42,0.3424,348,2,1,27,25015.71,0
52,20000.0,0.0913,247,3,2,4,26818.36,0
51,41920.74,0.3473,303,2,3,11,1000.0,0
36,59306.05,0.1605,88,11,1,25,21537.91,1
33,34509.42,0.1296,357,10,2,29,36928.45,1
59,73161.26,0.1329,200,9,2,14,19324.93,0
37,30946.07,0.1382,244,9,0,14,21629.02,0
47,49272.68,0.3626,278,4,2,1,27436.09,1
30,43278.97,0.4785,232,6,1,29,23110.59,0
42,58286.41,0.4846,118,10,3,0,9542.27,1
46,42190.2,0.2055,222,9,1,0,24454.81,0
51,49582.13,0.2163,237,6,2,14,39911.1,0
46,50277.4,0.1435,309,10,2,0,9232.36,0
38,40312.24,0.3728,176,4,1,4,19382.77,0
68,64701.88,0.2839,183,5,5,18,4275.53,0
46,59767.77,0.5208,184,10,0,21,39120.73,1
60,53227.72,0.3281,46,5,4,8,23614.63,1
57,46390.83,0.1614,37,9,0,23,12247.01,0
48,70930.88,0.6283,13,5,1,18,26383.98,0
64,50283.32,0.5071,241,4,1,6,6946.0,0
27,48866.05,0.4714,154,3,1,21,9497.57,1
66,57093.8,0.5522,312,7,3,17,3098.0,1
62,88931.73,0.1407,254,6,3,24,8998.31,0
45,28192.88,0.4277,56,5,1,4,45360.06,1
56,70397.14,0.5407,41,9,2,6,14003.23,0
46,20000.0,0.2695,135,1,2,9,31993.38,1
34,59345.46,0.4161,332,2,1,10,12455.48,0
60,86501.66,0.2011,23,11,3,26,36393.01,0
33,64773.37,0.4488,72,8,5,21,9608.77,1
36,58412.5,0.5626,16,7,2,16,25588.42,1
46,43791.01,0.2512,152,1,1,16,25792.77,0
62,55620.94,0.1683,356,7,2,26,59917.08,1
39,49958.74,0.1372,248,5,1,13,34456.38,1
45,39280.47,0.3848,180,7,3,6,16106.44,1
23,49202.49,0.1652,57,1,0,4,35275.73,0
26,58967.62,0.3389,131,7,3,9,57072.62,0
23,39655.66,0.1805,191,7,1,19,1000.0,0
24,38874.36,0.4085,103,4,0,14,12362.77,0
63,27795.13,0.3055,255,1,0,12,21446.54,0
62,62814.5,0.3037,352,11,0,14,18743.68,0
61,65906.47,0.0852,78,8,0,29,20008.65,0
23,59633.21,0.2592,95,7,2,29,5436.52,0
24,74303.41,0.3959,50,9,3,4,46059.34,1
34,56757.35,0.24,262,8,0,3,3660.87,0
48,62840.22,0.2649,169,2,1,7,21996.81,1
37,61076.75,0.1337,106,6,4,25,40687.46,0
44,53169.2,0.3763,83,10,5,13,24547.23,0
29,44383.56,0.276,30,4,0,25,10309.09,0
56,99283.05,0.1101,174,11,1,19,4769.87,0
36,45960.98,0.2794,247,1,0,16,21550.01,1
24,41682.45,0.3476,89,4,3,8,13644.56,0
57,63680.2,0.2641,6,4,2,10,28078.47,1
65,60037.09,0.2513,173,7,1,4,3978.23,0
21,26904.17,0.3372,245,2,3,15,37195.54,1
42,77453.57,0.2105,128,3,3,8,26733.24,0
61,53116.11,0.3264,94,8,0,8,27847.55,0
55,32781.38,0.5247,60,4,1,1,46616.15,1
62,78775.68,0.3618,270,10,2,23,18433.07,0
41,67513.51,0.2133,310,10,1,28,14112.75,0
39,29709.16,0.2767,278,4,1,14,16783.55,0
55,90543.66,0.2654,189,7,0,16,22112.1,0
28,68175.95,0.3338,262,4,6,27,23635.53,0
32,54796.08,0.1332,146,4,0,15,12539.53,0
50,86804.38,0.1757,14,8,2,18,1000.0,0
53,58185.96,0.2622,136,4,1,12,16586.06,0
26,54438.34,0.5712,255,2,2,15,30397.38,0
45,41794.0,0.2347,235,3,2,15,27043.87,0
38,66637.01,0.5727,356,11,3,21,42993.32,0
45,64532.06,0.2834,359,3,2,18,54332.3,0
67,55293.6,0.1261,91,5,1,15,36390.01,1
24,39200.27,0.3278,9,7,1,2,45737.81,1
69,57598.6,0.3684,103,2,3,27,36501.61,1
43,53604.02,0.3414,316,3,2,26,50648.49,1
58,28330.51,0.2341,293,2,1,5,52762.8,0
41,25563.75,0.2241,40,11,2,8,39267.48,1
36,66303.07,0.2947,62,11,1,29,35595.7,0
58,20000.0,0.0913,205,9,2,9,21921.52,0
54,59108.21,0.1747,239,3,1,24,24379.94,0
28,45438.34,0.5019,353,7,1,23,19932.44,1
55,81164.93,0.278,273,8,2,25,34318.77,0
57,45130.64,0.3402,80,10,2,0,14194.78,1
40,68189.68,0.2536,19,2,1,14,22133.41,0
66,47061.72,0.0885,230,9,2,16,1000.0,0
52,57274.96,0.2021,202,3,1,25,50846.35,0
37,69736.73,0.4911,332,7,0,6,21692.88,0
21,45748.89,0.1073,209,10,0,9,31833.71,0
54,74931.1,0.6897,183,1,4,5,46866.8,1
31,35126.04,0.4398,113,2,1,22,29504.4,0
58,60891.86,0.3423,36,9,3,29,46665.16,0
46,73452.79,0.3862,316,1,1,4,6373.93,0
43,68200.75,0.2706,298,8,0,6,60960.65,1
29,93328.9,0.5261,63,6,2,9,41306.65,1
55,39731.21,0.4232,255,4,1,26,28138.04,0
29,27417.01,0.0944,134,10,2,13,46376.19,0
41,35113.3,0.2317,160,10,1,8,7470.48,1
61,68208.85,0.2687,306,4,0,9,20670.78,0
66,64958.46,0.2563,304,1,0,17,46663.76,0
69,57045.13,0.4848,73,2,2,11,1000.0,0
67,32540.86,0.1765,114,2,2,4,33406.87,1
48,70337.35,0.1658,296,11,0,24,32982.64,0
30,30505.9,0.5295,330,7,1,12,54538.39,1
62,78178.99,0.1671,33,8,3,7,1255.67,0
60,112148.77,0.2558,301,3,2,21,49144.47,0
69,62329.02,0.1498,179,10,1,22,16607.94,0
52,66662.16,0.3762,214,8,1,4,18294.86,0
27,45142.8,0.3429,32,9,2,2,6669.93,1
45,20000.0,0.1963,246,6,3,1,8682.22,1
42,42945.61,0.2333,245,8,1,22,31052.84,0
62,33142.1,0.2438,240,6,2,18,8315.02,1
40,26059.91,0.2468,285,5,2,23,36104.27,0
37,89447.2,0.4064,340,7,2,18,15055.51,0
24,60457.25,0.152,306,4,2,12,6804.49,0
61,62593.75,0.3392,269,11,3,17,17082.86,0
58,48819.55,0.0678,353,8,2,21,30050.61,0
23,51542.58,0.3952,244,9,1,11,20839.7,1
42,74291.01,0.275,243,8,0,27,25513.15,0
44,54353.26,0.1089,197,5,0,26,35443.11,0
43,65613.88,0.2439,278,11,3,24,41236.32,0
66,51079.91,0.2299,31,3,1,29,20348.57,0
28,48156.94,0.3102,185,7,2,11,9336.67,1
36,26861.72,0.0699,156,1,1,3,26141.42,0
29,20000.0,0.5012,329,4,1,14,32059.74,1
32,49768.76,0.1905,31,7,4,22,3089.12,0
65,56129.93,0.1158,233,6,2,23,11640.88,0
67,29277.4,0.2215,71,11,0,11,14212.2,0
23,54310.5,0.2284,318,7,1,8,21882.67,0
51,56075.05,0.1784,307,5,4,13,13584.49,0
32,20000.0,0.1764,89,5,1,24,35605.61,0
30,36697.51,0.0891,314,7,0,1,1000.0,0
35,63145.28,0.351,181,9,0,9,1304.22,1
30,62741.17,0.1052,349,4,1,6,19991.67,0
45,31926.5,0.2185,264,7,1,24,22365.21,0
69,58168.96,0.4581,18,7,0,14,3180.34,0
49,75448.14,0.1684,77,1,1,2,15898.77,0
56,70541.46,0.3303,148,11,4,7,18984.34,0
45,53094.28,0.2098,80,7,4,1,19100.53,0
21,45640.47,0.3649,52,3,1,14,27278.22,0
25,42413.11,0.3668,352,7,3,29,15076.32,1
34,64356.4,0.3782,313,8,1,17,47167.54,0
32,58902.08,0.4808,159,11,3,26,32323.07,0
62,67588.08,0.1671,82,1,1,22,12893.3,0
62,57637.48,0.2417,70,5,2,26,26417.67,0
62,71375.28,0.3532,330,2,0,9,26860.23,0
52,56891.85,0.1145,123,7,2,28,43220.82,0
48,70693.77,0.2343,10,6,4,7,15994.26,0
52,72416.46,0.174,146,6,5,13,36510.08,0
40,38909.47,0.6361,166,11,2,20,25627.82,1
53,20000.0,0.6661,226,6,5,8,47373.5,1
59,85869.86,0.1369,125,5,1,7,44363.37,0
58,60133.17,0.4132,332,1,0,3,27954.69,1
51,20710.28,0.2228,233,4,3,0,21065.76,1
23,40723.61,0.5082,355,10,3,15,32599.09,0
56,70437.49,0.3252,135,5,3,29,22293.25,0
38,49406.46,0.302,236,11,1,6,50204.61,0
57,44758.77,0.2566,135,6,1,13,26177.05,0
47,83017.64,0.1743,253,7,2,28,18915.36,0
64,34054.26,0.3109,269,5,1,23,18105.77,1
37,39036.93,0.4788,119,7,0,0,6804.47,1
66,59227.73,0.2412,337,1,1,15,33348.39,0
62,62809.1,0.3798,309,1,0,4,12699.83,0
37,64926.86,0.5261,322,6,3,7,41472.22,1
44,73224.76,0.5664,83,7,2,7,5605.97,0
47,58971.57,0.2912,260,7,3,18,26908.62,0
58,64787.68,0.1417,43,5,3,5,42253.36,0
54,49815.81,0.5721,43,4,3,7,1000.0,1
62,56253.97,0.3317,350,8,2,6,55273.98,0
39,57150.68,0.2345,60,7,4,10,18620.72,1
45,59301.96,0.2126,311,1,3,19,27116.43,0
42,70450.8,0.093,158,5,0,11,33571.74,0
65,66102.91,0.3937,113,8,4,9,35891.94,0
35,55884.34,0.1889,32,9,1,15,29108.26,0
49,38817.48,0.2275,245,4,0,18,39960.77,1
26,56353.43,0.2779,261,11,3,0,32786.06,1
62,54439.64,0.5784,171,8,2,26,51413.22,1
39,58863.63,0.393,292,5,3,27,32834.91,0
37,99130.51,0.3943,120,7,3,18,54469.53,0
49,44524.54,0.4048,201,10,1,17,38516.18,1
45,63445.78,0.2902,107,3,3,20,1000.0,0
62,76369.24,0.1449,212,2,1,13,64166.54,0
47,56960.04,0.1984,54,5,0,10,16384.84,1
46,101756.9,0.4679,174,1,2,10,47433.16,0
26,47439.21,0.3006,200,10,2,4,25401.9,1
22,61481.78,0.2058,203,11,2,25,40916.35,0
40,39023.89,0.5997,164,7,2,9,14672.82,0
69,47969.51,0.4049,233,11,1,8,34386.17,0
65,59978.68,0.3685,187,1,2,28,21202.14,0
51,71926.08,0.3168,106,7,1,15,48685.05,0
51,61381.9,0.2242,82,5,1,18,31580.02,1
40,80182.3,0.317,235,4,3,7,39039.14,0
29,53100.69,0.2593,338,4,0,8,1000.0,1
21,48356.63,0.2606,272,6,1,21,23716.41,1
37,109079.7,0.095,232,8,3,13,31158.27,0
36,62884.75,0.4627,332,2,1,4,28354.22,1
30,40610.37,0.3549,324,7,4,25,39417.36,1
33,41114.72,0.332,185,11,1,12,19511.44,1
22,36146.4,0.3722,44,1,2,20,25731.81,1
50,73731.39,0.5935,230,10,1,10,42718.4,1
66,47712.45,0.2541,226,7,1,16,1000.0,0
54,57547.25,0.1556,104,4,2,23,33840.26,0
42,53729.83,0.4562,306,9,3,26,19991.73,0
41,69629.85,0.2894,313,7,2,6,11315.23,0
36,38065.12,0.2934,123,9,1,20,30048.16,1
27,33488.55,0.1063,174,1,1,27,43411.77,0
50,59485.95,0.3992,75,1,2,19,40587.16,0
48,67019.19,0.2369,69,8,0,4,22973.3,1
21,61650.65,0.4619,99,4,1,5,38136.11,1
41,38810.93,0.2659,135,3,4,6,38021.02,1
34,68549.7,0.333,102,5,2,3,23689.43,0
29,40122.78,0.1449,59,8,0,22,14603.79,0
55,44569.23,0.1882,164,2,0,28,15471.49,0
46,36120.93,0.4863,226,11,1,15,37567.8,1
52,81023.17,0.2943,121,5,1,17,24367.8,0
55,67668.43,0.4049,194,2,6,23,9307.27,0
69,67099.87,0.1068,102,1,1,12,1000.0,0
60,79944.23,0.2759,255,10,1,14,37477.47,0
51,111252.98,0.2815,235,2,0,17,16798.32,0
64,20815.48,0.1732,345,5,1,9,29955.82,1
44,40232.47,0.2108,24,8,0,1,43595.6,1
69,42676.5,0.1497,308,6,0,17,5366.13,1
58,37983.61,0.2779,126,3,1,24,24322.94,0
52,33448.34,0.2773,29,2,0,2,22439.59,1
65,49006.94,0.2514,250,8,1,6,30696.14,1
46,30667.93,0.3096,66,6,0,7,43587.4,1
56,61700.85,0.1806,68,1,0,24,5058.22,0
34,56033.97,0.3714,352,2,2,15,33546.97,0
68,64620.57,0.2307,84,7,1,16,40472.86,0
51,65154.57,0.1977,199,2,1,19,22204.34,0
59,67060.14,0.3301,77,5,3,8,22938.3,1
43,47531.82,0.3022,49,2,3,21,31276.74,0
63,97422.87,0.4555,6,9,4,0,30172.26,1
24,59688.62,0.2795,11,7,3,3,33735.29,1
26,20000.0,0.2427,173,9,1,24,33419.21,0
45,34952.49,0.1237,159,1,2,19,10270.42,0
56,20189.94,0.2223,19,5,2,5,39854.0,1
60,55346.69,0.4855,129,3,0,13,42501.75,0
42,52563.9,0.2975,102,7,1,1,27791.24,0
52,45631.49,0.3094,208,10,0,20,2587.67,0
48,95218.52,0.3513,358,3,3,22,23278.81,0
68,65979.66,0.274,250,9,0,8,27916.09,0
53,69521.97,0.3224,331,7,0,10,7831.0,0
41,36378.53,0.1118,74,10,0,7,19597.93,1
68,35017.1,0.1855,82,1,0,11,3859.46,0
26,55736.11,0.2313,271,11,1,8,34109.38,1
69,58460.14,0.5681,115,5,1,7,27489.33,1
28,20000.0,0.2431,306,4,0,12,1000.0,0
35,51393.86,0.2135,170,3,0,25,30271.97,1
61,55281.44,0.2732,77,11,3,22,24152.37,0
56,50697.02,0.3082,304,10,2,8,32746.21,0
68,38732.19,0.3886,200,2,0,28,19127.01,0
57,44209.3,0.2225,290,5,0,6,12977.81,0
52,51462.82,0.2645,166,9,0,27,13437.33,0
37,56816.0,0.1272,50,7,2,9,16927.45,0
21,67095.83,0.3016,247,3,2,16,25282.38,0
27,76617.12,0.3037,50,4,0,6,27219.38,0
35,49113.05,0.1867,240,5,1,22,22139.2,0
23,45876.88,0.2507,153,4,1,9,18650.21,0
45,63753.11,0.5177,286,11,3,26,19728.95,1
59,67216.9,0.1668,314,3,1,2,62615.87,0
68,46315.99,0.3819,150,8,3,15,13439.12,1
44,70807.87,0.3232,318,11,2,4,16630.42,0
63,74591.71,0.5572,45,9,1,26,74407.81,1
69,80833.73,0.308,44,9,3,12,31315.2,0
63,90566.42,0.1226,357,2,1,20,4300.29,0
43,37671.68,0.481,209,2,1,26,37640.31,1
36,55277.96,0.3545,165,9,2,16,11349.42,0
68,55225.55,0.4466,61,9,0,1,38635.92,0
32,53038.53,0.2318,108,9,1,6,21835.57,0
41,42014.74,0.1888,248,5,1,6,18403.06,0
24,25288.76,0.6295,296,6,1,27,49137.47,1
59,56853.59,0.2853,330,1,3,27,33496.02,0
52,39632.89,0.7589,150,4,0,14,39594.84,1
25,56719.87,0.2362,166,6,0,26,31523.8,0
31,39119.13,0.3934,63,2,2,7,18333.33,0
48,33006.83,0.3255,35,2,0,20,34170.32,1
47,59685.97,0.2838,160,1,1,11,43138.23,1
60,58018.43,0.1845,211,3,1,7,27021.07,0
34,66585.64,0.1739,42,11,0,7,52024.64,1
66,98717.28,0.4126,150,8,1,12,37757.31,0
42,60545.79,0.5142,233,11,0,10,28179.74,1
61,64701.64,0.2992,293,3,1,6,28772.3,0
32,33448.77,0.3413,338,7,0,10,27058.56,1
22,29261.85,0.4668,126,10,2,3,6231.42,0
23,86656.59,0.183,144,4,3,29,23648.92,0
39,36530.4,0.6315,315,8,1,11,28317.8,0
67,34121.12,0.5635,251,8,2,3,18758.72,1
23,54218.02,0.5156,102,10,3,17,30065.16,1
39,53196.15,0.1252,248,11,3,26,25319.61,0
26,36949.87,0.2823,61,7,5,10,36605.38,1
66,48900.54,0.2606,164,7,1,25,34946.69,0
54,79587.51,0.0866,114,10,1,18,27507.3,0
58,38880.13,0.1061,357,8,2,22,4491.81,0
55,27126.55,0.1594,18,4,0,8,51860.84,1
53,73851.87,0.2418,309,7,0,1,22871.64,1
58,64845.94,0.2334,105,7,1,10,23786.7,0
21,42589.63,0.5341,18,3,1,27,19862.19,1
63,23356.66,0.0722,239,6,1,23,17673.83,0
57,40107.53,0.4928,246,7,2,23,48160.87,1
57,53905.91,0.1308,56,10,2,26,45790.66,0
40,78313.44,0.2011,19,7,4,11,31665.9,1
60,34268.36,0.4213,45,2,1,9,23387.5,1
39,53309.6,0.1794,150,11,0,27,34286.77,0
23,68502.89,0.1494,52,7,1,17,26106.95,1
65,20000.0,0.1808,254,4,1,8,22146.66,0
32,75675.72,0.2392,33,9,1,8,30071.59,1
25,31350.99,0.3646,285,5,1,26,18382.63,0
51,61639.91,0.4553,315,5,3,1,28783.96,0
32,59933.66,0.1675,259,10,2,1,28063.31,0
63,76691.73,0.4603,340,10,1,22,34044.04,0
42,66018.49,0.334,338,6,0,0,15712.95,0
21,20000.0,0.1082,22,5,1,5,35652.05,1
67,39304.42,0.2735,127,10,2,29,11405.33,0
46,57764.1,0.4456,275,2,0,12,16411.5,0
33,51100.4,0.3592,126,9,3,21,17066.12,0
54,64552.21,0.4458,266,7,2,14,8919.22,0
46,70787.33,0.318,280,10,3,2,40234.93,1
22,67169.03,0.5493,358,5,1,5,10464.21,1
58,50714.5,0.2071,122,10,1,22,14516.25,0
40,20000.0,0.3353,129,1,0,2,43831.12,1
55,45890.38,0.4042,14,9,2,17,16441.26,0
64,63327.36,0.5598,107,1,1,10,22177.86,0
50,33191.05,0.204,105,8,0,11,9819.56,0
53,67625.49,0.1508,166,3,2,28,37494.27,0
33,73167.87,0.3561,155,11,1,18,37701.04,0
32,57537.34,0.134,309,9,1,18,36084.19,0
41,20000.0,0.0903,279,2,1,10,33062.95,0
62,29438.23,0.2142,263,10,2,11,26103.84,1
46,92723.78,0.4148,7,3,4,20,17134.35,0
38,44069.24,0.127,172,7,3,1,12775.46,0
59,20000.0,0.2391,264,1,0,7,44348.58,1
62,79704.95,0.2196,92,2,2,18,36472.06,0
65,55267.11,0.7582,156,3,1,18,14600.44,0
35,77098.81,0.1109,263,6,0,2,25597.48,1
55,60539.17,0.6539,287,6,0,23,20498.27,0
49,64171.18,0.2498,308,10,0,16,8076.84,0
42,62260.18,0.2065,158,2,5,7,27664.77,1
40,68949.77,0.3031,147,9,3,22,18767.61,0
26,100548.61,0.6169,141,1,1,29,10711.95,0
34,74420.13,0.2772,242,4,0,12,2813.01,0
47,23393.21,0.4683,154,2,2,8,1542.95,0
64,63933.23,0.1037,147,2,0,8,19428.61,0
63,77829.62,0.0942,65,7,1,17,23723.58,0
30,79054.02,0.4552,175,10,0,1,11870.49,1
54,46467.9,0.2093,90,8,3,14,34761.09,0
25,78298.89,0.2791,191,10,1,0,24016.8,0
54,73554.85,0.6319,320,7,2,1,33653.28,1
37,106450.35,0.2413,280,1,1,12,22256.34,0
43,39999.97,0.4348,175,4,0,22,13193.24,0
56,44851.99,0.2102,352,10,1,26,26711.76,0
41,48877.62,0.3088,352,1,1,2,6059.88,0
60,45195.56,0.1063,163,2,4,7,33091.58,0
47,37199.59,0.4923,276,10,0,12,10942.76,1
69,20000.0,0.4844,127,1,1,17,38773.49,1
52,46306.01,0.4946,317,11,0,29,19923.16,0
35,62387.16,0.1109,138,9,0,20,40938.0,0
58,45135.56,0.4209,97,8,1,16,8160.65,0
40,93707.62,0.4504,53,6,1,1,14833.45,1
47,55267.52,0.1586,304,1,1,2,30714.02,0
27,80820.58,0.3727,111,5,3,4,42557.46,1
26,60228.41,0.3805,293,9,3,19,49999.13,1
49,71528.15,0.0652,36,10,0,9,25620.49,0
30,60584.83,0.2053,183,5,0,7,52566.18,1
69,82375.69,0.2785,157,10,0,20,20655.03,0
62,56118.79,0.1549,161,9,0,24,41481.51,0
55,64922.41,0.0946,65,1,0,13,10867.29,0
57,62326.66,0.326,32,7,5,26,31303.01,1
50,49234.29,0.111,128,7,1,22,1000.0,0
23,63099.65,0.2249,172,6,3,21,8176.13,0
40,99687.72,0.6418,286,9,1,26,32000.15,1
45,49592.06,0.0953,169,10,0,5,5313.42,0
65,63389.3,0.3813,93,7,0,22,31404.24,1
31,80155.58,0.2116,98,4,0,28,38596.87,0
45,77805.07,0.1901,222,11,2,29,17480.2,0
37,55234.33,0.3533,160,11,2,17,10465.71,0
27,20000.0,0.1972,325,8,2,22,17887.2,0
26,65334.06,0.307,161,8,2,26,10512.82,0
38,20000.0,0.5063,206,2,1,25,23481.8,1
25,84398.74,0.6002,28,5,2,26,26531.36,1
24,58389.48,0.3727,74,3,2,24,20409.85,0
38,74993.48,0.3545,306,6,1,11,50115.39,1
30,36957.78,0.25,128,10,2,21,14208.94,1
48,23949.85,0.2121,155,3,2,12,45871.5,1
21,60215.09,0.1894,214,11,1,24,9381.41,0
35,54327.93,0.1514,26,2,2,24,26091.66,0
43,45169.18,0.2563,185,2,3,28,42746.58,1
68,56693.23,0.1341,128,11,0,17,41970.36,0
52,110348.72,0.2828,58,2,0,14,18696.13,0
64,71690.51,0.2937,154,9,1,4,33326.05,1
37,75989.97,0.162,164,9,1,19,31317.69,0
43,71878.74,0.2164,71,4,0,16,16900.91,0
41,84589.24,0.188,198,1,3,15,34239.25,0
64,51198.57,0.3307,270,4,2,20,52937.38,0
68,20000.0,0.4243,100,1,2,25,32075.51,1
68,51228.28,0.2159,348,8,1,4,33495.35,0
57,71234.71,0.2631,222,10,0,12,35082.32,0
45,35603.99,0.3363,279,11,2,21,3085.35,0
47,51472.68,0.1097,30,9,2,24,31903.37,0
69,41164.61,0.385,277,9,4,23,9748.61,0
34,85040.59,0.1449,125,10,1,23,16151.7,0
37,69989.14,0.1055,257,9,0,25,57429.13,0
64,68030.81,0.2632,290,8,1,28,21201.08,0
39,67432.03,0.4976,94,11,2,18,13897.39,0
32,54255.01,0.2573,97,4,4,7,42288.74,1
48,58951.13,0.2254,27,5,0,16,10784.84,0
36,31296.31,0.4776,220,10,1,21,18288.71,0
64,20000.0,0.1998,280,4,2,3,43735.78,1
65,58001.62,0.1909,151,4,2,22,25641.51,0
35,61479.81,0.1444,62,2,3,16,1576.04,0
46,79185.29,0.3685,118,4,0,28,33159.84,0
69,86426.72,0.5051,148,7,0,6,19053.01,0
57,86399.97,0.6427,330,10,1,27,48097.77,1
31,35039.53,0.2968,49,2,3,13,15907.2,1
49,47954.7,0.1559,127,8,1,17,40768.39,1
51,64606.69,0.3154,231,9,1,19,51635.47,0
53,105638.09,0.1875,89,10,1,17,12235.85,0
22,84601.98,0.5275,319,9,2,27,22101.8,0
35,77387.94,0.2375,327,2,0,5,30829.38,0
62,47244.24,0.2614,140,6,2,21,12139.81,0
32,37336.01,0.422,270,11,0,29,29054.42,0
35,70778.16,0.2759,273,10,0,6,21626.2,1
36,32986.77,0.5196,247,7,1,7,21323.99,1
29,50231.27,0.2732,72,11,2,14,25734.08,1
28,52704.44,0.5133,23,8,1,21,26068.97,1
38,86858.24,0.3448,128,1,1,28,27458.21,0
63,47906.05,0.381,52,11,2,23,16017.6,1
21,20000.0,0.6639,109,2,2,23,16672.42,1
34,65088.89,0.1153,231,5,0,13,23221.19,0
23,41019.56,0.1718,214,3,2,19,24328.64,0
48,55852.62,0.2445,80,8,2,6,18417.26,1
33,53265.91,0.3551,12,1,0,13,29859.09,0
59,49525.92,0.353,85,8,2,5,1000.0,1
49,70806.81,0.0958,167,10,4,0,14043.01,0
59,24342.7,0.1794,281,9,2,25,20801.08,0
52,44659.72,0.3296,135,4,0,24,12158.27,0
42,68680.76,0.4135,107,10,1,15,49437.97,1
63,42718.3,0.4134,201,4,2,0,25282.93,1
44,22823.87,0.1996,31,8,2,2,27651.55,0
67,68371.11,0.113,85,6,0,3,17751.54,0
69,77461.89,0.3389,18,1,1,21,24763.32,0
49,54100.1,0.194,192,1,1,6,6771.2,0
54,20000.0,0.3886,162,3,3,7,22452.74,1
33,69119.39,0.1095,212,11,2,25,10944.87,0
60,21802.24,0.5929,224,11,3,26,20838.95,1
53,61175.99,0.1274,145,5,2,22,1000.0,0
65,37250.72,0.2202,313,11,1,9,8079.95,0
34,31803.21,0.15,331,1,0,17,46958.9,0
59,46161.8,0.4331,45,11,2,6,37455.97,1
44,51334.05,0.2993,331,3,1,25,44785.59,0
30,42115.83,0.2176,75,1,5,2,45815.82,1
29,66774.07,0.2884,93,9,1,22,35094.81,1
48,46078.61,0.2506,193,5,1,15,18206.97,0
36,74603.82,0.2412,16,4,1,22,9441.24,0
25,60623.46,0.1816,134,9,1,13,42201.17,1
41,41048.86,0.4511,74,4,4,4,25968.52,1
52,37681.2,0.1147,176,9,2,22,62410.34,1
36,22050.07,0.3019,294,3,1,18,19523.53,0
67,60814.66,0.1348,333,1,1,13,54593.44,0
59,47908.25,0.6976,81,4,0,11,22648.12,1
46,20000.0,0.2743,198,7,2,10,45040.73,1
66,44285.7,0.3735,173,3,0,14,50450.38,1
42,36979.32,0.1147,152,2,0,7,9655.75,0
27,86513.55,0.1153,229,9,3,8,17725.03,0
22,20944.43,0.3543,356,6,3,8,9505.31,1
66,26172.98,0.1818,149,5,2,0,6550.83,0
68,77199.39,0.4054,29,3,0,27,35006.0,0
57,82135.26,0.25,330,1,0,7,22050.57,0
26,40100.34,0.1354,335,1,2,4,25785.49,1
35,42358.28,0.4131,120,8,0,4,33343.59,0
23,67324.71,0.4544,183,1,3,29,1000.0,0
23,20000.0,0.3778,311,3,4,14,44301.49,0
33,20000.0,0.4181,184,11,2,9,19763.59,1
49,49385.33,0.1964,176,4,2,12,32986.02,0
24,85997.81,0.1551,332,9,2,2,34310.69,0
69,46285.4,0.171,299,4,2,9,45561.95,0
43,57018.74,0.229,185,11,0,7,23427.14,0
33,77675.79,0.5333,63,10,3,24,1000.0,1
46,97137.69,0.2944,161,6,2,1,25856.91,0
59,43463.03,0.3728,245,8,2,12,28010.6,0
36,54663.27,0.365,102,5,0,23,9486.09,0
23,91441.1,0.1117,196,11,0,25,27212.36,0
23,24556.01,0.3333,239,4,1,15,19584.72,1
62,75551.62,0.0929,36,10,2,6,4858.69,0
26,34633.69,0.3213,207,7,0,10,35072.27,0
52,57049.45,0.3724,267,8,1,6,16544.12,0
39,50147.62,0.2056,81,4,1,19,18904.31,0
59,35839.77,0.0963,200,10,1,8,18061.32,1
23,35337.96,0.2022,257,9,0,18,43532.18,0
64,60528.29,0.3951,21,9,1,19,24386.26,1
55,74910.79,0.2116,234,9,1,28,26186.5,0
43,52405.28,0.0606,97,2,2,11,18390.46,0
31,56402.26,0.306,146,10,1,28,31943.0,0
68,66423.48,0.426,235,10,1,12,45239.77,1
35,35567.62,0.1426,7,3,1,20,34717.91,1
45,69793.85,0.454,11,11,3,19,35303.0,1
40,71386.86,0.2304,164,6,3,24,34093.45,0
32,107072.53,0.527,342,4,0,14,4296.36,0
41,47477.92,0.4205,8,3,1,23,11858.22,0
28,45838.36,0.3876,285,5,2,10,21925.19,1
21,70379.32,0.2771,32,1,3,14,14112.04,0
35,71382.08,0.288,179,8,0,14,9031.94,0
26,44298.26,0.3465,158,8,5,21,1000.0,0
41,46936.75,0.2887,171,8,2,18,4802.06,0
63,65822.62,0.1802,34,7,0,2,21152.12,0
28,38448.32,0.4133,272,4,2,24,23958.6,0
21,46789.32,0.4592,103,8,3,22,13104.19,0
26,56791.86,0.0987,278,10,1,3,26183.88,0
45,74918.77,0.3077,238,1,1,28,18492.5,0
34,42908.03,0.4316,201,5,0,19,41358.6,0
44,20000.0,0.369,115,11,0,2,22575.61,1
22,20000.0,0.3167,236,10,2,14,35444.96,1
37,29811.74,0.3531,359,11,4,25,28048.21,0
41,28736.65,0.1786,332,3,4,8,3968.93,0
42,51907.78,0.7072,330,6,2,27,23640.13,0
48,31222.4,0.1328,83,2,0,12,6465.64,0
59,40944.9,0.1947,213,10,0,6,23378.19,0
43,39518.28,0.357,146,6,0,10,13823.04,0
62,46189.84,0.2838,348,3,1,15,30729.45,1
46,81450.09,0.6064,342,1,1,20,4864.68,0
33,68238.95,0.1821,313,9,1,27,25220.53,0
32,55322.59,0.1977,63,9,2,5,33586.23,1
36,45779.47,0.1546,118,10,5,28,38613.93,0
50,46335.35,0.5211,257,11,2,15,13537.48,0
32,61554.93,0.1632,271,9,0,3,25266.26,1
65,66683.38,0.4938,130,9,0,27,27762.2,0
44,36847.65,0.3972,54,9,2,10,48206.89,1
63,55729.62,0.2423,54,11,1,18,2780.05,0
54,20000.0,0.2277,248,6,1,20,11333.46,0
37,59234.28,0.2894,166,9,0,0,67066.94,1
32,70242.98,0.3799,179,10,3,6,20903.54,0
57,49398.63,0.4658,294,2,2,20,1000.0,0
37,91330.54,0.45,11,8,1,9,16261.75,0
33,37375.23,0.1926,273,4,1,0,1000.0,1
66,59348.81,0.5753,103,2,1,0,28613.81,0
44,54283.51,0.2411,335,2,2,24,37146.77,0
23,52994.05,0.4534,344,2,0,4,11325.06,1
45,52713.56,0.2457,183,10,1,3,17939.14,1
43,57142.1,0.4,117,9,2,16,38854.81,0
63,71959.17,0.56,88,2,1,3,1000.0,0
55,82554.72,0.3732,70,7,1,19,5176.43,0
30,54955.0,0.6038,359,8,3,16,21578.27,0
28,71306.32,0.1243,72,6,4,19,13714.98,0
50,40964.66,0.2512,164,7,5,14,20592.0,0
23,70319.11,0.2224,175,10,4,23,6043.75,0
36,39760.17,0.4918,246,6,1,19,28214.7,0
27,76813.2,0.3589,304,8,4,12,22761.5,0
22,99212.82,0.2271,203,7,0,0,33237.86,0
66,52558.32,0.2543,274,5,5,8,28005.99,1
25,20000.0,0.6634,206,10,2,3,28100.35,1
21,44038.54,0.228,160,5,1,0,3305.39,0
66,79637.5,0.2883,61,9,0,8,32388.87,0
30,66061.54,0.1137,79,7,1,6,20037.0,1
61,59978.27,0.5131,159,8,2,2,22501.03,1
22,75173.37,0.3226,22,9,2,9,40723.97,1
28,64689.07,0.2366,117,9,4,15,14208.47,0
26,79354.5,0.1983,169,7,1,5,45267.76,0
55,73388.47,0.29,173,7,1,8,46667.13,1
51,85434.01,0.3432,294,6,1,0,36291.77,1
44,62175.92,0.0722,348,4,1,1,10290.69,0
32,73105.19,0.24,264,8,1,4,1000.0,0
25,48857.46,0.3597,34,10,1,13,41182.52,0
48,42970.78,0.3491,150,8,1,19,26670.78,0
32,89135.35,0.3626,264,9,2,23,13822.04,0
49,59324.09,0.4628,216,10,1,18,42603.44,0
54,71097.61,0.2974,168,5,1,18,12076.62,0
62,57474.8,0.1036,160,1,2,28,18637.67,0
45,43269.69,0.4259,149,4,1,7,32873.36,1
21,55219.66,0.1638,210,9,0,23,8295.96,1
34,83719.88,0.3701,69,9,1,28,23357.79,0
62,66104.8,0.1634,189,6,0,17,41337.06,0
47,20770.54,0.3221,78,9,3,25,28166.66,0
51,50695.11,0.2693,247,1,2,4,43711.4,0
43,90645.88,0.5029,312,8,1,26,42004.04,0
28,50724.06,0.2451,185,8,2,16,25116.08,1
64,20000.0,0.3715,143,6,1,6,1000.0,0
58,92860.98,0.6466,338,8,0,1,8413.42,0
69,68647.85,0.4189,239,6,1,21,36450.01,0
62,53599.74,0.1888,157,6,1,12,1746.23,0
35,47571.65,0.1564,16,7,4,9,20099.61,1
33,76647.04,0.2495,11,9,1,11,30077.21,0
33,44160.33,0.5382,84,3,1,29,47043.56,1
66,77965.13,0.1504,89,4,3,12,16374.7,0
48,65843.91,0.2161,261,5,1,2,15347.68,0
43,59893.64,0.4222,183,3,1,8,24213.31,1
68,57910.3,0.1964,359,4,3,4,30263.69,0
50,51500.64,0.2776,197,4,1,20,22686.3,0
65,75912.8,0.1748,325,4,0,24,40739.03,0
69,37693.14,0.5961,201,5,2,25,13012.84,1
24,22561.5,0.5423,132,6,2,18,26802.41,1
38,67288.8,0.3452,258,8,2,23,31678.19,0
56,67624.77,0.1689,165,4,0,12,18996.51,0
60,64604.82,0.5207,103,10,2,18,37595.65,0
28,63154.57,0.0856,173,6,0,3,27234.38,1
36,48589.19,0.1419,241,8,2,16,36832.69,0
47,70749.65,0.2767,138,2,2,16,27911.56,0
60,54088.84,0.177,255,2,0,0,30646.07,1
26,45257.73,0.4584,353,5,0,16,15514.12,1
50,48762.17,0.0988,151,5,3,21,15538.42,0
35,95412.79,0.1485,110,6,2,11,43365.95,1
31,20300.48,0.3355,148,2,0,16,34532.66,0
46,64995.76,0.2037,302,6,3,8,9655.52,0
41,21417.79,0.0953,69,8,1,8,27712.95,0
52,52835.33,0.3447,350,9,1,3,1000.0,0
36,46327.45,0.1692,152,3,2,9,16390.9,0
61,20000.0,0.4707,303,4,1,24,39415.42,0
24,62780.75,0.4209,284,6,4,28,23122.82,0
63,47399.24,0.2342,283,6,3,19,26768.69,0
22,20000.0,0.271,327,9,4,18,1000.0,0
57,71791.36,0.2686,71,5,0,18,19116.2,0
37,83700.12,0.3843,216,8,2,14,30074.08,0
39,84802.49,0.4027,41,10,1,12,31979.35,0
21,62179.13,0.3313,111,4,1,18,39435.34,1
55,55921.16,0.2504,20,10,1,23,21846.13,0
29,81563.13,0.487,247,4,2,12,22515.16,0
53,88647.67,0.4679,221,4,1,16,5018.24,0
56,77671.37,0.3949,268,8,3,14,21932.18,0
62,36169.25,0.0833,68,7,0,8,6076.37,0
55,59026.9,0.317,123,7,1,8,1000.0,0
35,63790.32,0.2209,245,3,1,2,8722.31,0
57,20000.0,0.2777,298,2,1,13,47630.27,0
61,64387.21,0.1502,319,10,1,21,20941.58,0
36,100459.84,0.479,32,10,2,20,28298.16,0
27,67798.72,0.1161,148,10,1,29,17297.56,0
64,84468.26,0.2274,9,6,1,1,1000.0,0
28,58658.29,0.1608,295,10,4,22,39041.7,0
50,53535.63,0.1455,49,6,0,23,1000.0,0
32,62625.43,0.4911,297,1,2,13,16678.11,0
27,38683.47,0.373,61,3,3,8,24180.78,1
59,35724.5,0.4911,11,3,4,10,28457.34,1
28,80326.09,0.1571,317,5,2,20,14102.96,0
53,82446.85,0.3072,161,11,1,25,1000.0,0
54,35177.87,0.4554,156,4,2,19,12983.6,0
23,74359.98,0.1242,234,7,1,15,13768.63,0
29,53260.8,0.1471,103,3,4,19,13403.6,0
59,61796.17,0.2718,250,8,2,2,39550.88,0
45,64204.37,0.2771,157,7,1,18,6795.96,0
26,74887.01,0.0643,102,2,1,1,29514.69,0
69,56654.36,0.0829,145,6,1,28,27374.46,0
33,83203.24,0.5458,8,2,0,26,39406.83,0
21,61188.26,0.0867,112,10,2,15,23003.02,1
66,67483.69,0.1566,215,8,3,11,36866.96,0
21,38334.75,0.3281,54,11,2,21,22416.7,1
48,98173.18,0.2141,47,10,2,19,31515.89,0
69,64396.5,0.168,238,3,1,21,2455.88,0
49,69259.95,0.1225,157,8,4,15,1000.0,0
49,22836.28,0.331,54,2,0,7,30663.2,1
40,38545.96,0.6321,270,11,0,2,31467.75,0
27,79757.67,0.0568,280,9,0,8,32132.53,0
49,60737.82,0.246,18,8,0,15,17126.01,0
64,20000.0,0.6358,77,11,1,12,47345.83,1
25,75765.8,0.429,137,10,0,15,18101.83,0
64,44124.34,0.2568,264,10,1,8,31313.19,0
41,83226.34,0.1854,32,2,0,28,33919.54,0
47,53243.29,0.3299,291,1,0,11,50781.1,1
29,59094.13,0.1,119,11,1,25,20244.56,0
51,78579.09,0.4052,50,3,5,11,15202.11,0
29,37050.14,0.5192,311,5,2,13,2527.82,1
34,35143.06,0.594,36,1,1,18,48285.51,1
56,51070.03,0.187,51,7,1,7,31321.16,1
23,71543.46,0.5477,342,10,3,6,31795.92,1
42,28382.45,0.5714,189,10,1,11,71750.56,1
50,21639.31,0.3958,169,7,4,24,29875.67,1
27,71474.42,0.2266,249,8,1,4,5465.18,0
35,42940.43,0.324,229,6,0,13,22061.45,0
37,47155.48,0.1579,223,5,0,20,10378.26,0
53,20000.0,0.3006,14,7,3,21,19061.97,1
68,41420.41,0.1347,201,11,1,13,18961.16,0
61,54848.65,0.3082,104,3,0,2,16194.63,0
30,73607.56,0.1999,291,6,3,0,4100.76,0
21,39575.4,0.226,184,7,3,14,48887.52,1
23,88147.52,0.2798,49,7,3,24,29482.72,0
50,41308.88,0.2855,319,1,2,0,21617.92,1
28,41338.16,0.3031,106,4,1,26,36364.57,0
32,85747.15,0.2434,102,8,0,20,32066.01,0
62,59229.2,0.0818,337,8,1,0,29135.36,0
63,43959.51,0.292,280,9,0,10,35274.97,1
62,51897.34,0.1397,310,11,2,6,27009.02,1
33,82061.47,0.3515,240,8,2,28,35053.32,0
51,84324.06,0.2602,328,7,1,16,36296.68,0
50,38664.14,0.4902,46,4,0,9,27440.78,0
30,54151.32,0.3232,218,5,1,8,21694.08,0
48,56803.14,0.4909,109,10,1,16,47955.97,1
46,35275.2,0.2805,147,6,0,0,17831.48,0
40,53886.3,0.1411,90,8,0,7,30869.7,0
57,55106.46,0.3629,78,2,1,4,31208.63,1
54,77804.19,0.5634,162,2,1,18,15856.63,1
47,79148.5,0.544,331,3,3,20,12882.66,0
56,48415.81,0.5137,230,3,2,14,19692.22,0
58,50720.94,0.5152,129,7,3,4,17616.75,1
48,68285.85,0.1319,159,8,0,11,3128.04,0
34,43296.23,0.0629,193,7,3,25,15227.57,0
58,66772.8,0.5654,92,4,2,6,28993.34,1
56,53241.87,0.1392,190,7,4,4,43989.15,1
69,35612.03,0.4567,252,2,0,3,33315.87,1
28,35863.27,0.1393,92,6,0,24,1000.0,0
41,83941.17,0.136,212,2,0,3,34619.56,0
66,51871.57,0.1513,256,1,2,17,16627.72,0
46,87807.08,0.1159,189,2,2,29,31796.2,0
67,44727.27,0.4972,109,2,2,19,24787.97,1
21,60824.1,0.427,202,6,2,12,22109.69,1
22,102853.53,0.3826,286,7,2,6,23466.46,1
60,33852.27,0.131,84,7,2,0,24663.64,0
38,20000.0,0.2374,209,5,2,4,45166.07,1
46,80731.8,0.2809,246,2,0,28,24705.1,0
41,38463.82,0.1355,119,1,1,4,41283.04,1
40,54585.87,0.2984,143,8,0,0,39098.59,1
67,43281.64,0.2725,320,11,1,24,35005.68,1
25,60363.26,0.2124,134,4,1,12,1000.0,0
58,35989.28,0.2581,217,3,1,10,41749.49,0
64,51401.2,0.0885,59,4,1,21,18131.48,0
53,63996.31,0.3933,333,3,0,15,35735.91,1
40,34833.82,0.4587,217,3,1,27,10412.01,1
28,40998.32,0.257,275,6,3,14,7223.89,0
54,48052.34,0.149,219,9,1,21,54645.83,0
43,26423.69,0.3975,131,8,3,26,10645.25,0
28,46548.78,0.0746,126,11,0,13,42191.6,0
38,57375.93,0.2615,254,4,1,8,26776.3,0
68,47009.02,0.1281,310,6,2,29,18698.2,0
34,49572.47,0.104,51,5,1,6,24327.57,1
29,54601.97,0.2591,305,1,2,1,5483.58,0
54,41885.13,0.5026,299,5,2,17,24793.68,1
30,68821.25,0.2713,44,3,1,29,8758.9,0
66,83719.56,0.2037,44,6,4,2,19068.34,0
63,45712.39,0.1181,252,2,1,25,38879.49,0
69,64703.96,0.519,304,9,1,24,28812.86,0
65,50207.66,0.0897,145,10,0,27,2767.44,0
32,62309.75,0.5394,232,11,0,12,37772.32,0
31,86315.59,0.1922,359,1,0,7,24893.5,0
37,65173.19,0.3551,120,2,0,15,16867.22,0
44,20000.0,0.225,85,11,0,4,36200.14,1
64,64079.91,0.3053,357,10,2,25,22491.9,0
56,79657.27,0.38,105,7,3,19,7515.08,1
52,50568.08,0.3232,173,4,1,14,52717.15,0
64,74912.7,0.2869,162,6,0,15,24740.69,0
52,41197.69,0.1137,191,6,3,21,23779.22,0
39,25289.22,0.5861,101,10,2,15,18923.42,0
41,57823.38,0.337,246,6,0,25,42699.49,0
46,20000.0,0.6028,250,1,1,27,17126.82,1
25,50204.58,0.1087,76,8,1,28,1825.3,0
57,80736.85,0.1448,176,9,3,18,14819.84,0
52,20000.0,0.1043,26,4,3,22,44901.62,1
56,29410.06,0.3807,84,2,0,9,37481.98,1
47,34359.36,0.6147,355,2,3,1,21174.77,1
59,53733.6,0.4087,185,10,5,12,45598.83,1
67,47685.66,0.4287,226,5,1,26,36219.13,0
48,82982.73,0.1712,320,6,1,4,21001.16,0
42,74086.97,0.3565,258,11,1,16,22511.35,0
26,64905.46,0.2378,286,1,1,5,29939.77,0
59,57912.61,0.3022,258,3,4,12,12521.7,0
65,62864.6,0.1748,182,10,1,4,25067.58,0
55,37760.35,0.1522,229,6,3,22,29627.7,0
63,72144.21,0.2166,108,1,0,24,1000.0,0
63,32759.11,0.3268,321,8,2,22,22160.2,0
60,71707.54,0.5664,69,2,2,21,20454.16,0
45,78722.85,0.0748,318,9,1,7,40421.02,0
25,59217.29,0.188,316,9,3,15,1000.0,0
21,51475.74,0.5101,56,10,2,3,19277.41,0
31,63006.2,0.1503,257,6,3,11,17773.68,1
42,20000.0,0.4574,356,3,2,15,39401.06,1
57,61045.16,0.521,208,10,2,20,24346.8,0
43,52732.92,0.2055,126,7,0,2,51941.42,1
22,53987.44,0.5187,317,7,2,24,34933.2,1
31,69130.65,0.2572,187,2,0,13,18846.66,1
68,53504.62,0.3016,49,7,1,26,28594.88,0
69,32195.86,0.2908,94,7,1,15,19688.97,0
39,52171.95,0.4103,247,4,0,16,37890.94,0
60,56351.11,0.3577,167,9,0,20,5017.03,0
56,57298.68,0.3883,82,2,3,24,12644.56,0
66,58238.39,0.4371,288,8,4,4,31835.35,1
64,75787.38,0.4275,48,11,3,15,43386.35,1
51,33279.31,0.5432,83,7,2,0,1000.0,1
40,58514.01,0.2274,170,2,0,14,45617.07,1
51,80798.59,0.178,19,7,1,24,22897.97,0
36,20307.77,0.1567,143,6,3,25,1000.0,0
38,58592.93,0.3309,328,7,1,8,1000.0,1
50,43292.43,0.2264,339,3,0,11,2059.21,0
48,47585.79,0.2724,314,7,1,16,24704.43,0
49,36903.85,0.3156,120,3,1,11,24011.53,0
39,51608.99,0.3948,28,7,1,5,34498.01,1
41,91825.11,0.2626,294,7,3,9,16757.69,0
21,29711.39,0.2966,138,8,0,12,8379.39,1
50,31607.8,0.2667,271,9,0,15,18803.7,0
49,28961.31,0.0805,48,10,1,27,25504.15,0
66,89548.37,0.2456,242,9,2,16,28461.59,0
45,45753.21,0.5015,213,9,1,11,13162.53,1
43,54487.22,0.0931,331,10,0,19,38521.7,0
24,46944.34,0.2075,42,3,1,23,15679.05,0
30,36111.54,0.6026,150,4,2,12,11954.24,1
37,50296.99,0.2833,356,6,0,14,16864.13,1
39,104164.87,0.4094,143,6,1,6,41122.6,1
38,82841.42,0.1106,238,8,1,25,23008.05,0
40,37941.24,0.413,62,1,0,26,14582.3,0
58,67951.48,0.1385,263,2,1,5,38891.62,0
27,38369.54,0.5469,103,9,1,10,57141.23,1
37,20000.0,0.2192,208,10,2,8,28145.24,1
28,75390.22,0.5068,317,4,2,27,43507.64,0
36,78201.86,0.1416,240,4,1,1,40541.17,1
54,75921.05,0.3451,173,7,2,6,15915.4,1
23,45602.7,0.4458,73,6,1,9,25399.51,1
37,51664.49,0.2792,126,2,0,16,5761.83,0
22,69995.31,0.4691,306,6,1,7,21925.87,1
67,62829.92,0.1511,82,10,2,16,15607.14,1
56,47127.25,0.278,238,9,2,22,18956.71,1
32,22618.56,0.2275,177,9,1,24,13751.57,1
30,57277.5,0.2248,119,8,1,2,20693.55,1
25,76580.19,0.2052,259,10,3,4,32983.49,0
44,31048.23,0.3872,134,3,0,2,23207.62,1
57,67775.19,0.3387,107,1,1,27,1000.0,0
49,61630.83,0.2222,193,2,4,19,13808.19,0
64,70002.97,0.4377,274,11,1,15,2209.01,0
37,72439.51,0.6155,311,8,1,23,28660.9,0
34,41110.7,0.2781,228,3,2,17,32549.76,0
44,22660.81,0.1179,240,10,0,7,28848.22,0
30,44329.61,0.2182,284,4,0,15,13188.93,0
68,72782.55,0.497,101,7,3,21,28702.81,0
30,44159.92,0.0819,94,3,0,1,17948.29,0
44,41119.13,0.1614,177,2,2,18,7926.62,0
46,20000.0,0.3956,229,3,3,14,36128.95,1
23,90052.95,0.4772,234,3,3,2,37270.42,1
43,71514.27,0.2688,60,7,2,7,39233.43,0
43,70397.92,0.419,282,1,2,13,15874.77,0
33,74354.51,0.3405,134,3,0,10,42690.43,1
27,66534.17,0.2753,316,7,3,8,17596.27,1
23,50113.42,0.4638,262,5,2,19,34802.52,1
21,51724.72,0.16,353,7,0,12,17336.31,0
44,46448.71,0.2998,229,8,1,14,21640.27,0
25,107694.82,0.5155,192,11,2,23,1000.0,0
68,66118.24,0.4023,72,10,2,2,20471.3,1
32,45723.99,0.4648,147,3,4,10,26366.35,1
52,64309.94,0.2977,309,8,1,2,18849.26,1
54,34782.62,0.6612,141,7,1,27,51342.82,1
45,85090.13,0.5376,24,7,3,5,7563.01,0
64,41778.62,0.6345,92,9,0,24,16546.28,0
26,65021.71,0.5114,216,2,1,5,11426.91,1
32,76319.55,0.1506,228,5,2,9,16543.35,0
33,62695.37,0.4441,354,9,2,18,40471.2,0
27,56889.4,0.2134,336,10,1,24,47170.48,0
35,55216.04,0.2036,194,1,1,5,14488.11,0
36,53871.18,0.3797,202,6,1,6,14154.89,0
58,43466.03,0.2829,289,3,1,26,7643.07,0
35,46010.33,0.1987,23,2,1,9,44594.28,1
63,84591.81,0.1094,216,1,1,6,41815.07,1
58,52829.27,0.2425,173,6,1,22,23410.27,0
65,39284.07,0.4532,283,8,2,2,4058.51,1
26,44674.05,0.0821,289,6,2,26,5400.06,0
69,77007.41,0.1445,238,5,1,26,27559.44,0
51,68512.13,0.2518,238,9,1,25,33240.07,1
69,66206.58,0.3905,250,8,3,8,1000.0,0
38,49849.58,0.3261,211,10,1,3,20180.35,1
67,66467.25,0.186,86,4,1,12,49274.44,0
49,42128.78,0.1632,106,3,0,10,21737.36,1
24,49807.72,0.2603,268,6,0,28,47344.57,0
41,74396.09,0.4589,224,6,1,18,34735.69,0
27,72485.55,0.3533,90,6,2,28,8735.81,0
67,35361.8,0.4645,316,10,0,22,20609.93,0
35,37889.47,0.5392,353,1,0,21,23069.59,0
31,57174.04,0.5617,227,6,0,3,10712.33,0
48,89522.65,0.2722,86,5,2,2,10451.98,0
41,20000.0,0.304,338,3,0,1,47601.53,1
25,60566.66,0.3869,89,8,1,17,10339.59,1
61,27479.13,0.2303,159,9,2,6,41176.54,1
62,42313.38,0.5114,309,7,3,29,18452.73,0
57,47711.43,0.5191,190,1,3,3,24615.41,0
51,46589.83,0.4968,92,1,2,28,33427.67,0
40,44324.08,0.297,34,5,1,20,16021.62,0
47,55144.14,0.5998,133,8,0,3,33518.56,1
46,44294.89,0.3399,243,4,1,1,1000.0,1
29,25750.85,0.1118,258,4,1,11,31595.61,0
25,70597.39,0.4562,84,10,2,10,1000.0,0
33,70057.44,0.4882,62,1,1,9,21597.3,1
43,71863.49,0.1477,254,1,2,15,37813.64,0
28,24185.31,0.1432,62,2,1,3,34334.43,1
26,60978.36,0.2115,28,11,0,3,5523.84,0
62,68519.58,0.3334,178,6,1,20,7455.03,0
39,34375.96,0.2561,208,2,0,29,14669.92,0
49,55183.46,0.2388,92,4,3,8,27793.24,0
46,52674.67,0.3186,80,11,1,27,1000.0,0
57,91843.01,0.1433,89,8,1,10,24801.65,1
57,93489.92,0.1668,127,3,4,10,29671.44,0
35,21712.87,0.0966,9,3,2,2,20754.44,0
62,104878.54,0.3972,10,1,0,12,32879.81,0
39,36695.49,0.2159,137,9,2,14,28355.86,0
61,74613.47,0.5103,13,2,2,19,16875.19,0
40,74409.96,0.4825,118,4,2,4,1000.0,0
26,35086.2,0.4185,211,4,1,5,27001.2,1
58,64865.36,0.4034,17,7,2,12,10703.87,0
22,52849.33,0.1882,224,7,1,2,16324.86,1
58,66086.6,0.3869,225,9,2,4,32186.86,0
23,59613.45,0.3858,208,4,2,18,46260.0,1
31,78926.79,0.2258,227,5,0,28,24429.1,0
50,56507.99,0.2174,292,5,0,17,33310.97,0
67,51642.52,0.6413,31,1,1,4,3332.81,1
41,76921.28,0.4046,65,9,0,29,28682.85,0
26,66607.92,0.212,118,6,1,15,24101.41,0
32,69636.27,0.2736,249,6,1,21,43438.41,0
64,41708.27,0.1394,314,11,1,5,16893.12,1
56,34094.74,0.1186,331,2,1,17,21375.44,0
25,43645.56,0.3142,212,11,2,2,40882.22,1
39,42583.57,0.133,151,8,2,18,23619.49,1
33,70723.99,0.2352,151,3,1,6,8367.38,0
29,74519.68,0.2291,27,8,3,27,63274.5,1
62,51897.39,0.2509,170,9,1,1,8821.11,1
51,83618.38,0.1177,187,4,1,19,24029.5,0
29,82369.39,0.2362,79,4,0,4,30200.32,0
52,59867.98,0.5016,277,10,2,20,29014.26,1
41,38562.16,0.3839,293,2,3,14,22153.84,0
24,86507.53,0.2717,112,1,0,29,22228.59,0
43,53779.65,0.2741,329,8,0,19,21476.02,0
30,57523.3,0.0917,43,10,1,11,8260.99,0
33,48207.9,0.2836,328,6,4,2,57253.29,1
64,37204.19,0.2438,277,2,1,17,21700.14,0
55,25627.21,0.1813,85,6,1,13,33953.96,1
27,67657.37,0.2479,236,3,3,1,19980.21,0
62,39331.98,0.3983,116,10,1,17,19678.54,1
49,116190.62,0.3639,289,7,1,6,18168.35,0
63,33278.53,0.1293,62,4,4,7,1752.31,1
57,29852.35,0.2786,92,7,1,0,22590.68,1
37,65202.77,0.4082,114,8,1,11,18894.89,0
47,85586.27,0.5998,76,8,0,6,42572.87,1
47,56291.79,0.2266,123,5,0,2,7049.5,0
56,66444.85,0.3451,219,7,1,13,16342.79,0
33,20000.0,0.1268,230,1,2,6,11523.39,1
37,41449.77,0.3513,202,5,3,4,46637.96,1
32,33527.69,0.4443,73,5,0,14,11958.87,1
35,20000.0,0.4404,77,6,0,1,33434.5,1
28,57339.6,0.4195,331,11,2,29,39552.42,0
22,20000.0,0.281,94,11,0,14,22808.16,1
67,28556.08,0.2759,42,6,3,29,4347.83,0
24,44256.12,0.3229,166,8,2,26,4537.69,0
64,38374.28,0.4398,8,2,0,29,37896.46,0
21,62928.17,0.3642,127,6,0,16,6091.09,1
59,61111.6,0.5873,308,8,3,12,30880.4,0
37,72875.97,0.4794,100,8,1,21,26715.24,0
46,70047.67,0.3806,255,11,2,2,30656.99,0
34,77816.26,0.4762,179,6,1,25,32073.77,1
45,54961.63,0.1474,131,10,0,9,10994.94,1
43,61069.34,0.4478,240,11,1,0,10367.08,1
46,65230.27,0.3307,216,7,0,7,35723.91,1
40,57833.13,0.5301,118,2,2,7,15559.83,1
47,47056.11,0.2693,85,5,1,0,1000.0,0
61,48351.15,0.2443,330,9,1,20,34731.33,0
42,38648.83,0.5207,65,7,0,2,9456.08,0
38,63432.34,0.1473,345,11,1,25,32007.04,0
27,53119.7,0.2436,172,9,3,13,45892.33,0
38,41736.52,0.4569,358,1,1,21,25251.44,1
27,41755.1,0.2833,131,10,3,10,39936.49,1
29,30792.03,0.3102,206,4,0,3,27306.97,1
67,74576.83,0.5763,223,10,2,5,48811.44,0
25,56572.35,0.3506,125,6,2,19,9068.39,0
44,37744.0,0.3364,83,6,1,21,24876.78,1
61,71170.95,0.2496,190,1,2,8,35097.42,0
67,43791.02,0.0717,240,2,3,10,22143.82,0
28,26869.99,0.0722,98,7,0,28,42283.28,0
29,75424.45,0.4311,277,7,1,25,18519.41,0
39,44258.06,0.1792,232,7,2,12,56040.57,0
48,46822.02,0.1022,64,2,3,7,56832.96,1
68,55823.6,0.2603,338,6,3,9,29231.08,0
31,77851.78,0.4202,21,1,0,16,33289.02,1
29,55400.75,0.2565,237,2,1,17,42875.07,1
33,31017.66,0.2561,161,6,1,5,7192.04,1
63,65877.54,0.6409,237,7,0,1,5320.0,1
22,45300.21,0.1623,280,8,2,14,43846.28,1
39,92758.48,0.1184,249,11,3,23,29109.83,0
26,54977.61,0.3683,236,10,1,4,21602.42,0
28,20000.0,0.1422,303,5,2,12,25166.85,0
65,62147.3,0.1005,254,9,3,4,1000.0,0
21,93891.96,0.4092,294,2,1,7,22141.57,1
36,86518.41,0.2691,148,10,1,18,13704.3,0
65,91619.09,0.4325,77,5,2,8,38771.07,0
50,34604.8,0.2272,89,9,1,7,39925.46,0
24,73243.05,0.1245,222,11,2,29,33650.2,0
43,40560.11,0.153,194,8,3,5,30931.88,0
68,59485.79,0.4878,33,11,3,5,2539.8,1
40,29540.95,0.332,78,1,2,27,33859.65,1
46,42110.88,0.3494,348,2,0,16,34440.97,0
47,41475.07,0.2759,263,7,1,1,43677.89,0
53,72971.11,0.162,273,6,3,12,56773.15,0
30,71014.38,0.3039,75,2,0,16,1000.0,1
62,60536.39,0.6687,28,8,2,7,19172.85,1
69,27991.57,0.1951,109,1,1,16,13866.0,0
27,48767.21,0.5671,309,11,0,19,27587.61,1
61,40077.67,0.4213,185,2,2,7,25201.03,0
61,72393.52,0.546,283,5,2,24,21488.77,0
57,78563.7,0.6274,178,10,1,13,40414.07,1
39,76127.71,0.1842,179,6,1,28,8478.79,0
43,39895.61,0.1259,218,9,1,2,9383.18,0
62,20000.0,0.4249,345,8,3,9,9636.62,0
28,20000.0,0.4013,160,11,2,21,19595.09,1
61,83432.54,0.1535,216,6,3,26,6571.15,0
66,46974.9,0.4778,331,11,2,6,24271.43,1
54,39985.51,0.3796,137,6,2,29,22517.65,0
37,87853.21,0.319,303,10,2,5,13202.27,0
48,80303.2,0.1328,195,9,1,12,38106.49,0
23,55488.97,0.528,317,2,2,9,24107.49,1
66,49131.94,0.6594,171,8,0,12,40939.71,1
37,52357.98,0.2989,228,10,3,27,22074.25,1
23,59543.26,0.3257,120,2,0,21,24637.08,0
59,87000.95,0.2626,230,10,0,23,16558.26,0
53,63449.35,0.4044,121,2,1,7,24894.3,1
51,69520.58,0.0829,221,10,1,28,35683.47,0
23,78385.4,0.2741,285,9,0,13,18829.99,0
57,31606.48,0.4525,159,2,1,19,32776.18,1
52,70097.24,0.2136,157,8,0,20,12808.8,0
59,49108.62,0.5163,120,2,0,19,36385.76,1
61,20000.0,0.6289,264,7,3,18,16301.41,0
31,20000.0,0.5039,215,11,3,14,37775.2,1
31,34637.65,0.2985,188,3,4,19,25914.65,1
66,65624.46,0.4106,15,2,1,27,47814.31,0
47,57275.99,0.2235,44,5,0,11,7688.98,0
42,58687.33,0.7383,8,5,1,15,2857.35,0
35,94018.87,0.1386,306,1,1,5,15756.74,0
52,29618.21,0.655,307,6,1,10,4230.84,1
57,54451.33,0.4981,30,3,2,23,4258.98,0
21,61088.71,0.1654,22,2,2,19,34323.26,0
48,40274.54,0.4542,282,4,2,6,24937.32,1
69,55566.53,0.3282,191,1,2,16,17804.79,0
34,23001.01,0.2634,115,11,2,24,19195.56,1
34,83198.12,0.2575,223,11,1,3,16041.44,0
